Player;Rank;Tour
Jannik Sinner;1;ATP
Alexander Zverev;2;ATP
Carlos Alcaraz;3;ATP
Ben Shelton;4;ATP
Felix Auger Aliassime;5;ATP
Daniil Medvedev;6;ATP
Flavio Cobolli;7;ATP
Frances Tiafoe;8;ATP
Arthur Fils;9;ATP
Alex De Minaur;10;ATP
Novak Djokovic;11;ATP
Taylor Fritz;12;ATP
Rafael Jodar;13;ATP
Jakub Mensik;14;ATP
Learner Tien;15;ATP
Tommy Paul;16;ATP
Brandon Nakashima;17;ATP
Valentin Vacherot;18;ATP
Luciano Darderi;19;ATP
Alexander Bublik;20;ATP
Casper Ruud;21;ATP
Francisco Cerundolo;22;ATP
Jiri Lehecka;23;ATP
Andrey Rublev;24;ATP
Lorenzo Musetti;25;ATP
Alejandro Davidovich Fokina;26;ATP
Karen Khachanov;27;ATP
Alexander Blockx;28;ATP
Joao Fonseca;29;ATP
Tomas Martin Etcheverry;30;ATP
Alejandro Tabilo;31;ATP
Ugo Humbert;32;ATP
Arthur Rinderknech;33;ATP
Alex Michelsen;34;ATP
Ignacio Buse;35;ATP
Arthur Fery;36;ATP
Matteo Arnaldi;37;ATP
Zizou Bergs;38;ATP
Hubert Hurkacz;39;ATP
Cameron Norrie;40;ATP
Botic Van De Zandschulp;41;ATP
Daniel Merida Aguilar;42;ATP
Luca Van Assche;43;ATP
Stefanos Tsitsipas;44;ATP
Mariano Navone;45;ATP
Denis Shapovalov;46;ATP
Matteo Berrettini;47;ATP
Raphael Collignon;48;ATP
Nuno Borges;49;ATP
Quentin Halys;50;ATP
Sebastian Baez;51;ATP
Thiago Agustin Tirante;52;ATP
Juan Manuel Cerundolo;53;ATP
Yannick Hanfmann;54;ATP
Tallon Griekspoor;55;ATP
Adolfo Daniel Vallejo;56;ATP
Miomir Kecmanovic;57;ATP
Arthur Gea;58;ATP
Jan Lennard Struff;59;ATP
Roman Andres Burruchaga;60;ATP
Jaime Faria;61;ATP
Fabian Marozsan;62;ATP
James Duckworth;63;ATP
Jaume Munar;64;ATP
Ethan Quinn;65;ATP
Pablo Carreno Busta;66;ATP
Daniel Altmaier;67;ATP
Vit Kopriva;68;ATP
Facundo Diaz Acosta;69;ATP
Corentin Moutet;70;ATP
Kamil Majchrzak;71;ATP
Titouan Droguet;72;ATP
Martin Landaluce;73;ATP
Sebastian Korda;74;ATP
Tomas Machac;75;ATP
Camilo Ugo Carabelli;76;ATP
Hamad Medjedovic;77;ATP
Marin Cilic;78;ATP
Aleksandar Kovacevic;79;ATP
Zachary Svajda;80;ATP
Adrian Mannarino;81;ATP
Rinky Hijikata;82;ATP
Lorenzo Sonego;83;ATP
Roman Safiullin;84;ATP
Marcos Giron;85;ATP
Kyrian Jacquet;86;ATP
Hugo Gaston;87;ATP
Marco Trungelliti;88;ATP
Jan Choinski;89;ATP
Benjamin Bonzi;90;ATP
Mattia Bellucci;91;ATP
Michael Zheng;92;ATP
Jesper De Jong;93;ATP
Jacob Fearnley;94;ATP
Dino Prizmic;95;ATP
Alex Molcan;96;ATP
Adam Walton;97;ATP
Toby Samuel;98;ATP
Terence Atmane;99;ATP
Coleman Wong;100;ATP
Jenson Brooksby;101;ATP
Damir Dzumhur;102;ATP
Martin Damm;103;ATP
Bu Yunchaokete;104;ATP
Valentin Royer;105;ATP
Otto Virtanen;106;ATP
Giovanni Mpetshi Perricard;107;ATP
Sho Shimabukuro;108;ATP
Alexander Shevchenko;109;ATP
Dane Sweeny;110;ATP
Yibing Wu;111;ATP
Aleksandar Vukic;112;ATP
Zsombor Piros;113;ATP
Christopher Oconnell;114;ATP
Patrick Kypson;115;ATP
Nicolas Mejia;116;ATP
Sebastian Ofner;117;ATP
Gabriel Diallo;118;ATP
Emilio Nava;119;ATP
Shintaro Mochizuki;120;ATP
Nikoloz Basilashvili;121;ATP
Gustavo Heide;122;ATP
Francisco Comesana;123;ATP
Dalibor Svrcina;124;ATP
Lloyd Harris;125;ATP
Grigor Dimitrov;126;ATP
Henrique Rocha;127;ATP
Hugo Dellien;128;ATP
Alexei Popyrin;129;ATP
Pedro Martinez;130;ATP
Cristian Garin;131;ATP
Alexandre Muller;132;ATP
Marton Fucsovics;133;ATP
Stefanos Sakellaridis;134;ATP
Tomas Barrios Vera;135;ATP
Thiago Seyboth Wild;136;ATP
Rei Sakamoto;137;ATP
Max Alcala Gurri;138;ATP
Nishesh Basavareddy;139;ATP
Jurij Rodionov;140;ATP
Vilius Gaubas;141;ATP
Stan Wawrinka;142;ATP
Eliot Spizzirri;143;ATP
Pablo Llamas Ruiz;144;ATP
Andrea Pellegrino;145;ATP
Dusan Lajovic;146;ATP
Mark Lajal;147;ATP
Borna Gojo;148;ATP
Michael Mmoh;149;ATP
Federico Cina;150;ATP
Chris Rodesch;151;ATP
Ilia Simakin;152;ATP
Tristan Schoolkate;153;ATP
Nicolai Budkov Kjaer;154;ATP
Reilly Opelka;155;ATP
Nikolas Sanchez Izquierdo;156;ATP
Jack Draper;157;ATP
Soon Woo Kwon;158;ATP
Juan Carlos Prado Angelo;159;ATP
Clement Tabur;160;ATP
Marco Cecchinato;161;ATP
Tom Gentzsch;162;ATP
Darwin Blanch;163;ATP
Andrea Guerrieri;164;ATP
Zhizhen Zhang;165;ATP
Luka Mikrut;166;ATP
Mackenzie Mcdonald;167;ATP
Francesco Maestrelli;168;ATP
Gauthier Onclin;169;ATP
Stefano Travaglia;170;ATP
Matej Dodig;171;ATP
Taro Daniel;172;ATP
Daniil Glinka;173;ATP
Lukas Neumayer;174;ATP
Elmer Moller;175;ATP
Gonzalo Bueno;176;ATP
Clement Chidekh;177;ATP
Harry Wendelken;178;ATP
Vitaliy Sachko;179;ATP
Alexis Galarneau;180;ATP
Laslo Djere;181;ATP
Pavel Kotov;182;ATP
Alex Bolt;183;ATP
Bernard Tomic;184;ATP
Joel Schwaerzler;185;ATP
Diego Dedura Palomero;186;ATP
Jan Kumstat;187;ATP
Holger Rune;188;ATP
Zdenek Kolar;189;ATP
Facundo Mena;190;ATP
Harold Mayot;191;ATP
Elias Ymer;192;ATP
Juan Pablo Varillas;193;ATP
Moise Kouame;194;ATP
Andre Ilagan;195;ATP
Federico Agustin Gomez;196;ATP
Jack Pinnington Jones;197;ATP
Felix Balshaw;198;ATP
Keegan Smith;199;ATP
Lautaro Midon;200;ATP
Arthur Cazaux;201;ATP
Tristan Boyer;202;ATP
Edas Butvilas;203;ATP
Timofey Skatov;204;ATP
Luka Pavlovic;205;ATP
Andres Andrade;206;ATP
Braden Shick;207;ATP
Liam Broady;208;ATP
Pol Martin Tiffon;209;ATP
Lorenzo Giustino;210;ATP
Colton Smith;211;ATP
David Jorda Sanchis;212;ATP
Maxim Mrva;213;ATP
Yoshihito Nishioka;214;ATP
Liam Draxl;215;ATP
Rio Noguchi;216;ATP
Felix Gill;217;ATP
Sascha Gueymard Wayenburg;218;ATP
J J Wolf;219;ATP
Alex Barrena;220;ATP
Chun Hsin Tseng;221;ATP
Gianluca Cadenasso;222;ATP
Max Houkes;223;ATP
Henry Searle;224;ATP
Francesco Passaro;225;ATP
Remy Bertola;226;ATP
Raul Brancaccio;227;ATP
Inaki Montes De La Torre;228;ATP
Kimmer Coppejans;229;ATP
Alejandro Moro Canas;230;ATP
Joao Lucas Reis Da Silva;231;ATP
Thiago Monteiro;232;ATP
Ilya Ivashka;233;ATP
Maks Kasnikowski;234;ATP
Marvin Moeller;235;ATP
Jay Clarke;236;ATP
Billy Harris;237;ATP
Marat Sharipov;238;ATP
Guido Ivan Justo;239;ATP
Roberto Bautista Agut;240;ATP
Andrej Nedic;241;ATP
Henri Squire;242;ATP
Hayato Matsuoka;243;ATP
Max Basing;244;ATP
August Holmgren;245;ATP
Leandro Riedi;246;ATP
Luca Nardi;247;ATP
Matias Soto;248;ATP
Sumit Nagal;249;ATP
Juncheng Shang;250;ATP
Gael Monfils;251;ATP
Roberto Carballes Baena;252;ATP
James Mccabe;253;ATP
Martin Krumich;254;ATP
Jay Dylan Hara Friend;255;ATP
Mika Brunold;256;ATP
Daniel Rincon;257;ATP
Frederico Ferreira Silva;258;ATP
Franco Roncadelli;259;ATP
Rodrigo Pacheco Mendez;260;ATP
Charles Broom;261;ATP
Pedro Boscardin Dias;262;ATP
Kilian Feldbausch;263;ATP
Dominic Stricker;264;ATP
Buvaysar Gadamauri;265;ATP
Philip Henning;266;ATP
Matteo Martineau;267;ATP
Murphy Cassone;268;ATP
Igor Ribeiro Marcondes;269;ATP
Matheus Pucinelli De Almeida;270;ATP
Marc Andrea Huesler;271;ATP
Cezar Cretu;272;ATP
Yi Zhou;273;ATP
Max Hans Rehberg;274;ATP
Nick Hardt;275;ATP
Juan Bautista Torres;276;ATP
Michele Ribecai;277;ATP
Matthew Dellavedova;278;ATP
Stefano Napolitano;279;ATP
Juan Manuel La Serna;280;ATP
Petr Bar Biryukov;281;ATP
Daniel Michalski;282;ATP
Hynek Barton;283;ATP
Hugo Grenier;284;ATP
Filip Cristian Jianu;285;ATP
Jerome Kym;286;ATP
Alastair Gray;287;ATP
Max Schoenhaus;288;ATP
Sergey Fomin;289;ATP
Carl Emil Overbeck;290;ATP
Genaro Alberto Olivieri;291;ATP
Pierre Hugues Herbert;292;ATP
Mili Poljicak;293;ATP
Stefan Kozlov;294;ATP
Yu Hsiou Hsu;295;ATP
Johannus Monday;296;ATP
Raphael Perot;297;ATP
Florent Bax;298;ATP
Fajing Sun;299;ATP
Oliver Crawford;300;ATP
Petr Nesterov;301;ATP
Oliver Tarvet;302;ATP
Stefan Dostanic;303;ATP
Calvin Hemery;304;ATP
Sean Cuenin;305;ATP
Giles Hussey;306;ATP
Filippo Romano;307;ATP
Oriol Roca Batalla;308;ATP
Georgii Kravchenko;309;ATP
Sandro Kopp;310;ATP
Ugo Blanchet;311;ATP
Mert Alkaya;312;ATP
Anton Matusevich;313;ATP
Carlo Alberto Caniato;314;ATP
Guy Den Ouden;315;ATP
Daniel Milavsky;316;ATP
Akira Santillan;317;ATP
Dali Blanch;318;ATP
Radu Mihai Papoe;319;ATP
Enrico Dalla Valle;320;ATP
Luciano Emanuel Ambrogi;321;ATP
Cruz Hewitt;322;ATP
Alvaro Guillen Meza;323;ATP
Federico Bondioli;324;ATP
Thomas Faurel;325;ATP
Florian Broska;326;ATP
Marko Topo;327;ATP
Carlos Sanchez Jover;328;ATP
Gonzalo Villanueva;329;ATP
Francesco Forti;330;ATP
Yanki Erel;331;ATP
Gilles Arnaud Bailly;332;ATP
Andres Martin;333;ATP
Lucas Poullain;334;ATP
Mees Rottgering;335;ATP
Joaquin Aguilar Cardozo;336;ATP
Jonas Forejtek;337;ATP
Tyler Zink;338;ATP
Tiago Pereira;339;ATP
Eduardo Ribeiro;340;ATP
Valerio Aboian;341;ATP
Miguel Damas;342;ATP
Edward Winter;343;ATP
Michael Geerts;344;ATP
Nicolas Kicker;345;ATP
Abedallah Shelbayh;346;ATP
Carlos Maria Zarate;347;ATP
Duje Ajdukovic;348;ATP
Norbert Gombos;349;ATP
Jake Delaney;350;ATP
Mikhail Kukushkin;351;ATP
Petr Brunclik;352;ATP
Arthur Nagel;353;ATP
Juan Estevez;354;ATP
Timo Legout;355;ATP
Aidan Mayo;356;ATP
Philip Sekulic;357;ATP
Tung Lin Wu;358;ATP
Tiago Torres;359;ATP
Juan Pablo Ficovich;360;ATP
Dimitar Kuzmanov;361;ATP
Patrick Schoen;362;ATP
Dylan Dietrich;363;ATP
Dhakshineswar Suresh;364;ATP
Ivan Marrero Curbelo;365;ATP
Tommaso Compagnucci;366;ATP
Mathys Erhard;367;ATP
George Loffhagen;368;ATP
Ognjen Milic;369;ATP
Alejo Sanchez Quilez;370;ATP
Moez Echargui;371;ATP
Andrey Chepelev;372;ATP
Daniel Masur;373;ATP
Sebastian Sorger;374;ATP
Franco Agamenone;375;ATP
Carlos Taberner;376;ATP
Daniel Elahi Galan;377;ATP
Eliakim Coulibaly;378;ATP
Kaichi Uchida;379;ATP
Andrej Martin;380;ATP
Mitchell Krueger;381;ATP
Max Wiskandt;382;ATP
Lucio Ratti;383;ATP
Dan Added;384;ATP
Laurent Lokoli;385;ATP
Gabriele Piraino;386;ATP
Robin Bertrand;387;ATP
Massimo Giunta;388;ATP
Kasidit Samrej;389;ATP
Alex Martinez;390;ATP
Johan Nikles;391;ATP
Jacopo Vasami;392;ATP
Jack Kennedy;393;ATP
Lui Maxted;394;ATP
Yuta Shimizu;395;ATP
Eric Vanshelboim;396;ATP
Antoine Ghibaudo;397;ATP
Samuele Pieri;398;ATP
Manas Dhamne;399;ATP
Hamish Stewart;400;ATP
Vadym Ursu;401;ATP
Yosuke Watanuki;402;ATP
Murkel Alejandro Dellien Velasco;403;ATP
Ozan Baris;404;ATP
Arthur Weber;405;ATP
Pavel Lagutin;406;ATP
Hernan Casanova;407;ATP
Masamichi Imamura;408;ATP
Sebastian Gorzny;409;ATP
Marek Gengel;410;ATP
Justin Boulais;411;ATP
Ryan Nijboer;412;ATP
Thanasi Kokkinakis;413;ATP
Blaise Bicknell;414;ATP
Olle Wallin;415;ATP
Andrea Collarini;416;ATP
Mateus Alves;417;ATP
Niels Visker;418;ATP
Mitsuki Wei Kang Leong;419;ATP
Maxime Chazal;420;ATP
Robert Strombachs;421;ATP
Izan Almazan Valiente;422;ATP
Aziz Dougaz;423;ATP
Marc Polmans;424;ATP
Semen Pankin;425;ATP
Juan Cruz Martin Manzano;426;ATP
Ioannis Xilas;427;ATP
Omar Jasika;428;ATP
Karim Bennani;429;ATP
Louis Wessels;430;ATP
Mika Petkovic;431;ATP
Jordan Thompson;432;ATP
Garrett Johns;433;ATP
Justin Engel;434;ATP
Paulo Andre Saraiva Dos Santos;435;ATP
Kei Nishikori;436;ATP
Spencer Johnson;437;ATP
Enzo Aguiard;438;ATP
Khumoyun Sultanov;439;ATP
Sergi Perez Contri;440;ATP
Geoffrey Blancaneaux;441;ATP
Kenta Miyoshi;442;ATP
Olukayode Alafia Damina Ayeni;443;ATP
Yannik Kelm;444;ATP
Nerman Fatic;445;ATP
Ivan Gakhov;446;ATP
Luca Castelnuovo;447;ATP
Luca Staeheli;448;ATP
Oleksii Krutykh;449;ATP
Constantin Bittoun Kouzmine;450;ATP
Paul Jubb;451;ATP
Oleg Prihodko;452;ATP
Karl Poling;453;ATP
Santiago Fa Rodriguez Taverna;454;ATP
Dusan Obradovic;455;ATP
Blake Ellis;456;ATP
Eero Vasa;457;ATP
Jie Cui;458;ATP
Emile Hudd;459;ATP
Matthew William Donald;460;ATP
David Goffin;461;ATP
James Trotter;462;ATP
Felipe Meligeni Alves;463;ATP
Radu Albot;464;ATP
Viktor Durasovic;465;ATP
Denis Yevseyev;466;ATP
Andrew Fenty;467;ATP
Filip Misolic;468;ATP
Quinn Vandecasteele;469;ATP
Cesar Bouchelaghem;470;ATP
Moerani Bouzige;471;ATP
Corentin Denolly;472;ATP
Mats Rosenkranz;473;ATP
Aidan Mchugh;474;ATP
Koki Matsuda;475;ATP
Federico Arnaboldi;476;ATP
Juan Alejandro Hernandez Serrano;477;ATP
Fausto Tabacco;478;ATP
Colin Sinclair;479;ATP
Trevor Svajda;480;ATP
Thijs Boogaard;481;ATP
Cyril Vandermeersch;482;ATP
Henry Bernet;483;ATP
Daniel Dutra Da Silva;484;ATP
Ivan Ivanov;485;ATP
Karan Singh;486;ATP
Maximus Jones;487;ATP
Jack Loge;488;ATP
Duncan Chan;489;ATP
Yassine Dlimi;490;ATP
Benjamin Hassan;491;ATP
Niels Mcdonald;492;ATP
Alexandr Binda;493;ATP
Filip Jeff Planinsek;494;ATP
Beibit Zhukayev;495;ATP
Dragos Nicolae Madaras;496;ATP
Alex Marti Pujolras;497;ATP
Anton Shepp;498;ATP
Miguel Tobon;499;ATP
Hiroki Moriya;500;ATP
Vladyslav Orlov;501;ATP
Evan Zhu;502;ATP
Stefan Palosi;503;ATP
Tai Sach;504;ATP
Mykyta Mashtakov;505;ATP
Reda Bennani;505;ATP
Bor Artnak;507;ATP
Gabi Adrian Boitan;508;ATP
Leo Borg;509;ATP
Patrick Zahraj;510;ATP
Daniel Siniakov;511;ATP
Joao Eduardo Schiessl;512;ATP
Sergio Callejon Hernando;513;ATP
Alan Magadan;514;ATP
Gerard Campana Lee;515;ATP
Tibo Colson;516;ATP
Yanis Ghazouani Durand;517;ATP
Alexander Donski;518;ATP
Branko Djuric;519;ATP
Yasutaka Uchiyama;520;ATP
Gianmarco Ferrari;521;ATP
Romain Faucon;522;ATP
Fabrizio Andaloro;523;ATP
Christian Langmo;524;ATP
Luca Wiedenmann;525;ATP
Pedro Sakamoto;526;ATP
Aziz Ouakaa;527;ATP
Jason Kubler;528;ATP
Li Tu;529;ATP
Sander Jong;530;ATP
Giuseppe La Vela;531;ATP
Lilian Marmousez;532;ATP
Pedro Vives Marcos;533;ATP
Shunsuke Mitsui;534;ATP
Rudolf Molleker;535;ATP
Luca Potenza;536;ATP
Millen Hurrion;537;ATP
Lorenzo Joaquin Rodriguez;538;ATP
Leonardo Rossi;539;ATP
Ryan Peniston;540;ATP
Cannon Kingsley;541;ATP
Pierluigi Basile;542;ATP
Fitriadi M Rifqi;543;ATP
Faris Zakaryia;544;ATP
Dmitry Popko;545;ATP
Melios Efstathiou;546;ATP
Peter Makk;547;ATP
Martin Van Der Meerschen;548;ATP
Gavin Young;549;ATP
Keisuke Saitoh;550;ATP
Adrian Oetzbach;551;ATP
Digvijaypratap Singh;552;ATP
Daniil Ostapenkov;553;ATP
John Echeverria;554;ATP
Giulio Zeppieri;555;ATP
Hyeon Chung;556;ATP
Dimitris Sakellaridis;557;ATP
Maximo Zeitune;558;ATP
Alexander Ritschard;559;ATP
Pierre Delage;560;ATP
Nino Ehrenschneider;561;ATP
Ignacio Monzon;562;ATP
Gabriel Ghetu;563;ATP
Matisse Bobichon;564;ATP
Svyatoslav Gulin;565;ATP
Lorenzo Carboni;566;ATP
Taha Baadi;567;ATP
Iliyan Radulov;568;ATP
Lorenzo Angelini;569;ATP
Toufik Sahtali;570;ATP
Javier Barranco Cosano;571;ATP
Pavle Marinkov;572;ATP
Jelle Sels;573;ATP
Saba Purtseladze;574;ATP
Marcel Zielinski;575;ATP
Milos Karol;576;ATP
Robin Catry;577;ATP
Federico Iannaccone;578;ATP
Kirill Kivattsev;579;ATP
Sebastian Gima;580;ATP
Keegan Rice;581;ATP
Erik Arutiunian;582;ATP
Matyas Fuele;583;ATP
Alejandro Juan Mano;584;ATP
Chase Ferguson;585;ATP
John Hallquist Lithen;586;ATP
Paul Inchauspe;587;ATP
Alec Beckley;588;ATP
Daniel De Jonge;589;ATP
Amr Elsayed Abdou Ahmed Mohamed;590;ATP
Amit Vales;591;ATP
Christoph Negritu;592;ATP
Lukas Pokorny;593;ATP
Kaylan Bigun;594;ATP
Hikaru Shiraishi;595;ATP
Joao Domingues;596;ATP
Bruno Fernandez;597;ATP
Andrea Vavassori;598;ATP
Bryce Nakashima;599;ATP
Hunter Heck;600;ATP
Naoya Honda;601;ATP
Juan Sebastian Gomez;602;ATP
Jamie Mackenzie;603;ATP
Adrian Andreev;604;ATP
Alexander Vasilev;605;ATP
Pieter De Lange;606;ATP
Kai Wehnelt;607;ATP
Takuya Kumasaka;608;ATP
Lorenzo Bocchi;609;ATP
Amir Omarkhanov;610;ATP
Yanaki Milev;611;ATP
Ryan Seggerman;612;ATP
Alibek Kachmazov;613;ATP
Daniel Jade;614;ATP
Oleksandr Ovcharenko;615;ATP
Andrea De Marchi;616;ATP
Thiago Cigarran;617;ATP
Jacopo Berrettini;618;ATP
Alexander Weis;619;ATP
Alan Fernando Rubio Fierros;620;ATP
Tuncay Duran;621;ATP
Dominik Palan;622;ATP
San Hui Sin;623;ATP
Samir Banerjee;624;ATP
Michael Antonius;625;ATP
Michael Bassem Sobhy;626;ATP
Nicolas Tepmahc;627;ATP
Aidan Kim;628;ATP
Conner Huertas Del Pino;629;ATP
Pedro Rodenas;630;ATP
Carlos Lopez Montagud;631;ATP
Guillaume Dalmasso;632;ATP
Maxime Janvier;633;ATP
Gabriele Bosio;634;ATP
Stefan Popovic;635;ATP
Cedrik Marcel Stebe;636;ATP
Ryan Colby;637;ATP
Pietro Fellin;638;ATP
Manuel Mazza;639;ATP
Dan Martin;640;ATP
Stefan Adrian Andreescu;641;ATP
Mario Gonzalez Fernandez;642;ATP
Tiago Cacao;643;ATP
Roger Pascual Ferra;644;ATP
Yaroslav Demin;645;ATP
Tomasz Berkieta;646;ATP
Andreja Petrovic;647;ATP
Ergi Kirkin;648;ATP
Kokoro Isomura;649;ATP
Nikolai Barsukov;650;ATP
Theo Papamalamis;651;ATP
Goncalo Marques;652;ATP
Kuan Yi Lee;653;ATP
Alec Deckers;654;ATP
Samuel Heredia;655;ATP
Timofei Derepasko;656;ATP
Marlon Vankan;657;ATP
Sidharth Rawat;658;ATP
Ignacio Parisca;659;ATP
Isaac Becroft;660;ATP
Luis Guto Miguel;661;ATP
Naoki Nakagawa;662;ATP
Anton Arzhankin;663;ATP
S D Prajwal Dev;664;ATP
Daniele Rapagnetta;665;ATP
Karol Filar;666;ATP
Maxwell Mckennon;667;ATP
Giovanni Oradini;668;ATP
Tom Paris;669;ATP
Stefan Horia Haita;670;ATP
Samuel Vincent Ruggeri;671;ATP
John Sperle;672;ATP
Nicolas Zanellato;673;ATP
Filip Peliwo;674;ATP
Imanol Lopez Morillo;675;ATP
Gabriel Debru;676;ATP
Marc Majdandzic;677;ATP
Bruno Kuzuhara;678;ATP
Yurii Dzhavakian;679;ATP
Max Purcell;680;ATP
Pablo Martinez Gomez;681;ATP
Aleksandre Bakshi;682;ATP
Jacob Bradshaw;683;ATP
Tim Handel;684;ATP
Radu David Turcanu;685;ATP
Ryuki Matsuda;686;ATP
Daniel Salazar Martinez;687;ATP
Shinji Hazawa;688;ATP
Walid Ahouda;689;ATP
Sebastian Dominko;690;ATP
Karlis Ozolins;691;ATP
Thomas Fancutt;692;ATP
Keshav Chopra;693;ATP
Daniel Antonio Nunez;694;ATP
Ryan Dickerson;695;ATP
Giorgio Tabacco;696;ATP
Arklon Huertas Del Pino;697;ATP
Ziga Sesko;698;ATP
Manish Sureshkumar;699;ATP
Oscar Jose Gutierrez;700;ATP
Samir Hamza Reguig;701;ATP
Kristijan Juhas;702;ATP
Grigory Shebekin;703;ATP
Juan Sebastian Osorio;704;ATP
Alberto Barroso Campos;705;ATP
Leo Raquillet;706;ATP
Franco Ribero;707;ATP
Nicolas Villalon;708;ATP
Tristan Mccormick;709;ATP
Patrick Brady;710;ATP
Thanapet Chanta;711;ATP
Strong Kirchheimer;712;ATP
Alex Rybakov;713;ATP
Dragos Nicolae Cazacu;714;ATP
Sasi Kumar Mukund;715;ATP
Khololwam Montsi;716;ATP
Orel Kimhi;717;ATP
Herman Hoeyeraal;718;ATP
Matyas Cerny;719;ATP
Stefano Dagostino;720;ATP
Peter Fajta;721;ATP
Michal Krajci;722;ATP
Yusuke Takahashi;723;ATP
Jack Anthrop;724;ATP
Andrew Johnson;725;ATP
Maxim Zhukov;726;ATP
Kasra Rahmani;727;ATP
Santiago De La Fuente;728;ATP
Wilson Leite;729;ATP
Leo Vithoontien;730;ATP
Nicolas Jadoun;731;ATP
Noa Vukadin;732;ATP
Arthur Bouquier;733;ATP
Alessandro Pecci;734;ATP
Nico Hipfl;735;ATP
Dev Javia;736;ATP
Seydina Andre;737;ATP
Neil Oberleitner;738;ATP
James Story;739;ATP
Igor Kudriashov;740;ATP
Olaf Pieczkowski;741;ATP
Oskar Brostrom Poulsen;742;ATP
Dong Ju Kim;743;ATP
Yuta Kawahashi;744;ATP
Pawit Sornlaksup;745;ATP
Calvin Mueller;746;ATP
Matteo Covato;747;ATP
Evan Bynoe;748;ATP
Kalin Ivanovski;749;ATP
Vignesh Gogineni;750;ATP
Michael Vrbensky;751;ATP
Matt Hulme;752;ATP
Yunseong Chung;753;ATP
Uisung Park;754;ATP
Niklas Guttau;755;ATP
Matt Kuhar;756;ATP
Rodrigo Alujas;757;ATP
Gabriele Maria Noce;758;ATP
Aleksandr Braynin;759;ATP
Taisei Ichikawa;760;ATP
Matthew Forbes;761;ATP
Adria Soriano Barrera;762;ATP
Alex Knaff;763;ATP
Rafael Izquierdo Luque;764;ATP
Loann Massard;765;ATP
Alejandro Turriziani Alvarez;766;ATP
Benjamin Pietri;767;ATP
Lucas Andrade Da Silva;768;ATP
Joshua Sheehy;769;ATP
Manuel Plunger;770;ATP
Andres Santamarta Roig;771;ATP
Jakub Nicod;772;ATP
Ben Jones;773;ATP
Matt Ponchet;774;ATP
Noah Zamora;775;ATP
Maik Steiner;776;ATP
Conor Gannon;777;ATP
Emilien Demanet;778;ATP
Hady Habib;779;ATP
Abel Forger;780;ATP
Oskari Paldanius;781;ATP
Tsung Hao Huang;782;ATP
Tomas Martinez;783;ATP
Carles Hernandez;784;ATP
Michiel De Krom;785;ATP
Carles Cordoba;786;ATP
Brandon Holt;787;ATP
Tomas Farjat;788;ATP
Fryderyk Lechno Wasiutynski;789;ATP
Keaton Hance;790;ATP
Michael Agwi;791;ATP
Yannick Alexandrescou;792;ATP
Viacheslav Bielinskyi;793;ATP
Renta Tokuda;794;ATP
Rares Teodor Pieleanu;795;ATP
Anas Mazdrashki;796;ATP
Yuki Mochizuki;797;ATP
Tianhui Zhang;798;ATP
Lorenzo Rottoli;799;ATP
Mae Malige;800;ATP
Benjamin Torrealba;801;ATP
Luca Castagnola;802;ATP
Cosme Rolland De Ravel;803;ATP
Nicolas Oliveira;804;ATP
Ye Cong Mo;805;ATP
Arvid Nordquist;806;ATP
Oscar Weightman;807;ATP
Vincent Marysko;808;ATP
Bastian Malla;809;ATP
Yuta Tomida;810;ATP
Aaron Funk;811;ATP
Dinko Dinev;812;ATP
Gustavo Ribeiro De Almeida;813;ATP
Demetris Azoides;814;ATP
Alan Wazny;815;ATP
Nikola Slavic;816;ATP
Kosuke Ogura;817;ATP
Ji Sung Nam;818;ATP
Jannik Opitz;819;ATP
Scott Jones;820;ATP
Arda Azkara;821;ATP
Hanyi Liu;822;ATP
Adhithya Ganesan;823;ATP
Attila Boros;824;ATP
Charles Bertimon;825;ATP
Mert Naci Turker;826;ATP
Nicholas David Ionel;827;ATP
Nicholas Roberts;828;ATP
Miles Jones;829;ATP
Pietro Marino;830;ATP
Joshua Charlton;831;ATP
Lukas Klein;832;ATP
Federico Coria;833;ATP
Johan Alexander Rodriguez Rodriguez;834;ATP
Nicolas Alvarez Varona;835;ATP
Gian Luca Tanner;836;ATP
Gijs Brouwer;837;ATP
Jose Pereira;838;ATP
Maximilian Homberg;839;ATP
Rigele Te;840;ATP
Josip Simundza;841;ATP
Lorenzo Gagliardo;842;ATP
Sam Ryan Ziegann;843;ATP
William Rejchtman Vinciguerra;844;ATP
Aristotelis Thanos;845;ATP
Hoyoung Roh;846;ATP
Linus Lagerbohm;847;ATP
Markus Molder;848;ATP
Dominik Recek;849;ATP
Jesse Flores;850;ATP
Benjamin Willwerth;851;ATP
Nikita Bilozertsev;852;ATP
Marko Miladinovic;853;ATP
Victor Hugo Remondy Pagotto;854;ATP
Karl Friberg;855;ATP
Egor Pleshivtsev;856;ATP
Grigoriy Lomakin;857;ATP
Giannicola Misasi;858;ATP
Nicolas Jarry;859;ATP
Jangjun Kim;860;ATP
Martin Borisiouk;861;ATP
Yusuke Kusuhara;862;ATP
Oliver Bonding;863;ATP
Filippo Moroni;864;ATP
Natan Rodrigues;865;ATP
Robert Guna;866;ATP
Fernando Cavallo;867;ATP
Felix Corwin;868;ATP
Hiromasa Koyama;869;ATP
Michel Hopp;870;ATP
Denys Klok;871;ATP
Alexandre Aubriot;872;ATP
Rafael Tosetto;873;ATP
Andrea Colombo;874;ATP
Samuel Alejandro Linde Palacios;875;ATP
Taiyo Yamanaka;876;ATP
Alaa Trifi;877;ATP
Fermin Tenti;878;ATP
Davide Tortora;879;ATP
Nitin Kumar Sinha;880;ATP
Theodore Dean;881;ATP
Alexandre Reco;882;ATP
George Lazarov;883;ATP
Tom Zeuch;884;ATP
Lorenzo Claverie;885;ATP
Nicolas Moreno De Alboran;886;ATP
Maxwell Exsted;887;ATP
Michele Mecarelli;888;ATP
Emil Ruusuvuori;889;ATP
Jerry Roddick;890;ATP
Qian Sun;891;ATP
William Grant;892;ATP
Ronit Karki;893;ATP
Sora Fukuda;894;ATP
Giulio Perego;895;ATP
Ryotaro Taguchi;896;ATP
Aditya Vishal Balsekar;897;ATP
Orlando Luz;898;ATP
Max Dahlin;899;ATP
Kuan Shou Chen;900;ATP
Benito Sanchez Martinez;901;ATP
Filip Pieczonka;902;ATP
Alvin Nicholas Tudorica;903;ATP
Jason Jung;904;ATP
Ofek Shimanov;905;ATP
Charlie Robertson;906;ATP
Matteo Sciahbasi;907;ATP
Mikalai Haliak;908;ATP
Lorenzo Comino;909;ATP
Oliver Okonkwo;910;ATP
Mickael Kaouk;911;ATP
Francisco Rocha;912;ATP
Kerem Yilmaz;913;ATP
Elmar Ejupovic;914;ATP
Nick Kyrgios;915;ATP
Alexey Vatutin;916;ATP
Muhammad Shoaib;917;ATP
Zsombor Velcz;918;ATP
Patrick Maloney;919;ATP
Pablo Perez Ramos;920;ATP
Peter Bertran;921;ATP
Noritaka Koizumi;922;ATP
Mirza Basic;923;ATP
Tristan Stringer;924;ATP
Ryan Fishback;925;ATP
Geun Jun Kim;926;ATP
Hazem Naw;927;ATP
Marcus Walters;928;ATP
Daniil Sarksian;929;ATP
Cooper Williams;930;ATP
Luis Carlos Alvarez;931;ATP
Pierre Yves Bailly;932;ATP
Kriish Tyagi;933;ATP
Ronald Hohmann;934;ATP
Christopher Li;935;ATP
Marcello Serafini;936;ATP
Julian Cundom;937;ATP
Rocco Piatti;938;ATP
Benjamin O'Connell;939;ATP
Nicolas Barrientos;940;ATP
Mate Valkusz;941;ATP
James Watt;942;ATP
Alfredo Perez;943;ATP
Ilya Snitari;944;ATP
Ryo Tabata;945;ATP
Iiro Vasa;946;ATP
Marc Van Der Merwe;947;ATP
Tudor Batin;948;ATP
Ruslan Tiukaev;949;ATP
Yuta Kikuchi;950;ATP
Michael Zhu;951;ATP
Tomas Curras Abasolo;952;ATP
Andrea Fiorentini;953;ATP
Maxence Bertimon;954;ATP
Ali Yazdani;955;ATP
Johannes Ingildsen;956;ATP
Aleksa Ciric;957;ATP
Stijn Paardekooper;958;ATP
Kenny De Schepper;959;ATP
Axel Nefve;960;ATP
Aryan Shah;961;ATP
Mathieu Scaglia;962;ATP
Iannis Miletich;963;ATP
Petros Tsitsipas;964;ATP
Finn Murgett;965;ATP
Nikita Ianin;966;ATP
Wishaya Trongcharoenchaikul;967;ATP
Vlad Cristian Breazu;968;ATP
Taym Al Azmeh;969;ATP
Matthew Thomson;970;ATP
Justin Roberts;971;ATP
Mwendwa Mbithi;972;ATP
Markus Malaszszak;973;ATP
Chirag Duhan;974;ATP
Fanming Meng;975;ATP
David Eichenseher;976;ATP
Joao Victor Couto Loureiro;977;ATP
Adan Freire Da Silva;978;ATP
Jeremy Gschwendtner;979;ATP
Nikolay Vylegzhanin;980;ATP
Micah Braswell;981;ATP
Aoran Wang;982;ATP
Jeffrey Von Der Schulenburg;983;ATP
Elgin Khoeblal;984;ATP
Lars Goran Verwerft;985;ATP
Ivan Nedelko;986;ATP
Egor Agafonov;987;ATP
Yan Cheng Chen;988;ATP
Duje Markovina;989;ATP
Nicolas Parizzia;990;ATP
Ezequiel Monferrer;991;ATP
Matthew Summers;992;ATP
Michael Savano;993;ATP
Etienne Donnet;994;ATP
Cezar Gabriel Papoe;995;ATP
Joaquin Guilleme;996;ATP
Bekkhan Atlangeriev;997;ATP
Dominik Kellovsky;998;ATP
Enzo Kohlmann De Freitas;999;ATP
Linang Xiao;1000;ATP
Yaojie Zeng;1001;ATP
Sydney Zick;1002;ATP
Gabriele Crivellaro;1003;ATP
Fons Van Sambeek;1004;ATP
Luka Talan Lopatic;1005;ATP
Benjamin Thomas George;1006;ATP
Louis Larue;1007;ATP
Jorge Plans;1008;ATP
Nicolas Bruna;1009;ATP
Jannik Maute;1010;ATP
Rethin Pranav Senthil Kumar;1011;ATP
Dan Alexandru Tomescu;1012;ATP
Dimitar Kisimov;1013;ATP
Devin Badenhorst;1014;ATP
Shunsuke Nakagawa;1015;ATP
Mariano Kestelboim;1016;ATP
Dante Pagani;1017;ATP
Maximilian Neuchrist;1018;ATP
Mikael Arseneault;1019;ATP
Federico Aguilar Cardozo;1020;ATP
Chan Yeong Oh;1021;ATP
Stefan Seifert;1022;ATP
Liam Gavrielides;1023;ATP
Oscar Brown;1024;ATP
Shintaro Imai;1025;ATP
Jakub Filip;1026;ATP
Antoni Fabre;1027;ATP
Aljaz Jeran;1028;ATP
Matthias Ujvary;1029;ATP
Saveliy Ivanov;1030;ATP
Pavlos Tsitsipas;1031;ATP
Joaquim Almeida;1032;ATP
Igor Gimenez;1033;ATP
Thanaphat Boosarawongse;1034;ATP
Luis Felipe Miguel;1035;ATP
Alex Kuperstein;1036;ATP
Jonas Gundacker;1037;ATP
Segundo Goity Zapico;1038;ATP
Hugo Car;1039;ATP
Ajeet Rai;1040;ATP
Maan Kesharwani;1041;ATP
Christopher Papa;1042;ATP
Salvador Price;1043;ATP
Sergi Fita Juan;1044;ATP
Volodymyr Iakubenko;1045;ATP
Niccolo Ciavarella;1046;ATP
Younes Lalami Laaroussi;1047;ATP
Preston Brown;1048;ATP
Maximilian Figl;1049;ATP
Albert Ramos;1050;ATP
Antoine Escoffier;1051;ATP
Sasha Rozin;1052;ATP
Roan Jones;1053;ATP
Gianluca Brunkow;1054;ATP
Julio Cesar Porras;1055;ATP
Billy Blaydes;1056;ATP
Luca Pow;1057;ATP
Nicolas Arseneault;1058;ATP
Jan Kupcic;1059;ATP
Dmitry Bessonov;1060;ATP
Evgeny Philippov;1061;ATP
Johan Oscar Lien;1062;ATP
Joao Vitor Goncalves Ceolin;1063;ATP
Filippo Mazzola;1064;ATP
Sebastiano Cocola;1065;ATP
Zach Stephens;1066;ATP
Amaury Raynel;1067;ATP
Niccolo Catini;1068;ATP
Rafael De Alba;1069;ATP
Tobia Costanzo Baragiola Mordini;1070;ATP
Joao Vitor Scramin Do Lago;1071;ATP
Vladislav Melnic;1072;ATP
Jacopo Bilardo;1073;ATP
Lorenzo Lorusso;1074;ATP
Leyton Rivera;1075;ATP
Stuart Parker;1076;ATP
Andrew Paulson;1077;ATP
Seong Chan Hong;1078;ATP
Asahi Harazaki;1079;ATP
Christian Sigsgaard;1080;ATP
Jakub Paul;1081;ATP
Mathys Domenc;1082;ATP
Diego Augusto Barreto Sanchez;1083;ATP
Alejandro Hayen;1084;ATP
Nikola Djosic;1085;ATP
Lorenzo Berto;1086;ATP
Jonas Eriksson Ziverts;1087;ATP
Thantub Suksumrarn;1088;ATP
Mathys Picard;1089;ATP
Nicolas Garcia Longo;1090;ATP
Ammar Alhogbani;1091;ATP
Stefan Vujic;1092;ATP
Mateo Del Pino;1093;ATP
Melih Anavatan;1094;ATP
Nicolas Ifi;1095;ATP
Christian Djonov;1096;ATP
Enzo Camargo Lima;1097;ATP
Mohamed Nazim Makhlouf;1097;ATP
Karim Ibrahim;1099;ATP
Filip Krolo;1100;ATP
William Manning;1101;ATP
Veljko Krstic;1102;ATP
Jakub Vrba;1103;ATP
Simeon Stankovic;1104;ATP
Kacper Szymkowiak;1105;ATP
Zhao Zhao;1106;ATP
Jordan Hasson;1107;ATP
Lucas Marionneau;1108;ATP
Marko Maksimovic;1109;ATP
Noah Schachter;1110;ATP
Kristjan Tamm;1111;ATP
Valentin Basel;1112;ATP
Lachlan James Mcfadzean;1113;ATP
Francesco Ferrari;1114;ATP
Pierre Antoine Tailleu;1115;ATP
Gabriel Schenekenberg;1116;ATP
Niklas Schell;1117;ATP
Ali Habib;1118;ATP
Mihai Razvan Marinescu;1119;ATP
David Pichler;1120;ATP
Kody Pearson;1121;ATP
Damir Zhalgasbay;1122;ATP
Ilyas Milad Fahim;1123;ATP
Dominick Mosejczuk;1124;ATP
Oliver Ojakaar;1124;ATP
Clement Lemire;1126;ATP
Maximus Dussault;1127;ATP
Alex Chang;1128;ATP
William Jansen;1129;ATP
Bautista Vilicich;1130;ATP
Rodrigo Fernandes;1131;ATP
Denis Petak;1132;ATP
Jumpei Yamasaki;1133;ATP
Rohan Mehra;1133;ATP
Gastao Elias;1135;ATP
Vincent Dullinger;1136;ATP
Chen Dong;1137;ATP
Felipe De Dios;1138;ATP
Jeremy Schifris;1139;ATP
Jonathan Mridha;1140;ATP
Liam Branger;1140;ATP
Pietro Romeo Scomparin;1142;ATP
Giacomo Crisostomo;1143;ATP
Toby Martin;1144;ATP
Leonardo Primucci;1145;ATP
Jesse Delaney;1146;ATP
Yuto Oki;1147;ATP
Yassine Smiej;1148;ATP
Matias Ponce De Leon Gomila;1149;ATP
Mark Ceban;1150;ATP
Lorenzo Sciahbasi;1151;ATP
Adrien Burdet;1152;ATP
Finn Bass;1153;ATP
Adrien Gobat;1154;ATP
Elijah Sanogo;1155;ATP
Maxence Beauge;1156;ATP
Vuk Radjenovic;1157;ATP
Thiago Agustin Pernas;1158;ATP
Pranav Karthik;1159;ATP
Evgeny Tyurnev;1160;ATP
Stefan Cooper;1161;ATP
Peter Buldorini;1162;ATP
Rocco Valente;1163;ATP
Vlado Jankanj;1164;ATP
Viktor Frydrych;1165;ATP
Brian Bozemoj;1166;ATP
Billy Suarez;1167;ATP
Makoto Ochi;1168;ATP
Ferdinand Livet Novkirichka;1169;ATP
Daniel Evans;1170;ATP
Aradhya Kshitij;1171;ATP
Vincent Reisach;1172;ATP
Pawel Cias;1173;ATP
Federico Zeballos;1174;ATP
Alexis Gautier;1175;ATP
Dominique Rolland;1176;ATP
Luc Fomba;1177;ATP
Daniil Kakhniuk;1178;ATP
Kevin Edengren;1179;ATP
Alexander Frusina;1180;ATP
Samuele Seghetti;1181;ATP
Marko Mesarovic;1182;ATP
Jaesung Choe;1183;ATP
Xiaofei Wang;1184;ATP
Julien Penzlin;1185;ATP
James Connel;1186;ATP
Daniel Uta;1187;ATP
Jacob Brumm;1188;ATP
Juan Ignacio Gallego;1189;ATP
Bernardo Munk Mesa;1190;ATP
Jefferson Wendler Filho;1190;ATP
Tymur Bieldiugin;1192;ATP
Diego Fernandez Flores;1193;ATP
Vardan Manukyan;1194;ATP
Arjun Rathi;1195;ATP
Alexander Wagner;1196;ATP
Lucca Helguera Casado;1197;ATP
Edoardo Cherie Ligniere;1198;ATP
Leonid Sheyngezikht;1199;ATP
Denis Constantin Spiridon;1200;ATP
Stefan Ilie Bogdan Petre;1201;ATP
Udit Kamboj;1202;ATP
Maxim Shin;1203;ATP
Nicolo Toffanin;1204;ATP
Luis David Martinez;1205;ATP
Christopher Eubanks;1206;ATP
Siddhant Banthia;1207;ATP
Thilo Behrmann;1207;ATP
Jordan Lee;1209;ATP
Nikita Filin;1210;ATP
Luc Koenig;1211;ATP
Roberto Perez Socas;1211;ATP
Tito Chavez;1213;ATP
David Poljak;1214;ATP
Deney Wassermann;1215;ATP
Matias Reyniak;1216;ATP
Victor Lilov;1217;ATP
Heorhii Shylov;1218;ATP
Noah Schlagenhauf;1219;ATP
Adam Jilly;1220;ATP
Zura Tkemaladze;1221;ATP
Alexander Kotzen;1222;ATP
Nicola Rispoli;1223;ATP
Viktor Markov;1224;ATP
Dakotah Bobo;1225;ATP
Liam Krall;1226;ATP
Sergey Petrov;1227;ATP
Alessandro Battiston;1228;ATP
Filiberto Fumagalli;1229;ATP
Axel Garcian;1230;ATP
Jiri Cizek;1231;ATP
Theo Herrmann;1231;ATP
Blu Baker;1233;ATP
Maxence Rivet;1234;ATP
Valentino Grippo;1235;ATP
Daniel Verbeek;1236;ATP
Reece Falck;1237;ATP
Kris Van Wyk;1238;ATP
Roman Kharlamov;1239;ATP
Joshua Peck;1240;ATP
Amirkhamza Nasridinov;1241;ATP
Erik Schiessl;1241;ATP
Gage Brymer;1241;ATP
Keenan Mayo;1244;ATP
Landon Ardila;1245;ATP
Niccolo Baroni;1246;ATP
Suk Hyun Choo;1246;ATP
Tadeas Paroulek;1246;ATP
Yunseok Jang;1246;ATP
Zack Vialla;1250;ATP
Julien De Cuyper;1251;ATP
Evgeny Karlovskiy;1252;ATP
Manel Lazaro Juncadella;1253;ATP
Noah Johnston;1254;ATP
Fadi Bidan;1255;ATP
Koray Kirci;1256;ATP
Alejandro Garcia;1257;ATP
Enzo Wallart;1258;ATP
Santiago Giamichelle;1259;ATP
Hayden Jones;1260;ATP
Youssef Kadiri Hassani;1261;ATP
Noah Karma;1262;ATP
Alessandro Bellifemine;1263;ATP
Matei Florin Breazu;1264;ATP
Tom Sickenberger;1265;ATP
Artur Kukasian;1266;ATP
Gabriele Pennaforti;1266;ATP
Abhinav Sanjeev Shanmugam;1268;ATP
Ryota Tanuma;1268;ATP
Enrique Carrascosa Diaz;1270;ATP
Flynn Thomas;1271;ATP
Noah Lopez Cherubino;1271;ATP
James Beaven;1273;ATP
Alen Mujakic;1274;ATP
Rafael Giotis;1275;ATP
Justin Schlageter;1276;ATP
Valentin Lapalu;1277;ATP
Amine Jamji;1278;ATP
Mohamed Ali Abibsi;1278;ATP
Leonardo Borrelli;1280;ATP
Boris Butulija;1281;ATP
James Van Herzeele;1281;ATP
Niklas Waldner;1283;ATP
Jan Hrazdil;1284;ATP
Timeo Trufelli;1285;ATP
Ivan Gretskiy;1286;ATP
Duarte Vale;1287;ATP
Elijah Strode;1288;ATP
Niksa Arsic;1289;ATP
Boris Arias;1290;ATP
Paul Barbier Gazeu;1290;ATP
Julian Alonso;1292;ATP
Tanishk Konduri;1293;ATP
Aleksa Pisaric;1294;ATP
Thijmen Loof;1295;ATP
Bozo Barun;1296;ATP
Luca Preda;1297;ATP
Patrik Munkhammar;1298;ATP
Toby Alex Kodat;1299;ATP
Pedro Rodrigues;1300;ATP
Stepan Baum;1301;ATP
Alejandro Manzanera Pertusa;1302;ATP
Skander Mansouri;1303;ATP
Ethan Cook;1304;ATP
Lucca Liu;1304;ATP
Diego Jarry Fillol;1306;ATP
Jack Satterfield;1306;ATP
Stian Klaassen;1308;ATP
Tanguy Genier;1309;ATP
Ewen Lumsden;1310;ATP
Achilles Belkovics;1311;ATP
Felipe Virgili Berini;1311;ATP
Adam Lynch;1313;ATP
Bora Sengul;1314;ATP
Marcel Kamrowski;1315;ATP
Ishaque Eqbal;1316;ATP
Alexander Zgirovsky;1317;ATP
Noah Lopez;1318;ATP
Ashton Mcleod;1319;ATP
Benoit Torcq;1320;ATP
Piet Luis Pinter;1321;ATP
Joao Silva;1322;ATP
Andrea Bacaloni;1323;ATP
Kacper Knitter;1324;ATP
Luke Hooper;1325;ATP
Max Sheldon;1326;ATP
Lambert Ruland;1327;ATP
Andrej Loncarevic;1328;ATP
Preston Stearns;1328;ATP
Mitchell Sheldon;1330;ATP
Stefan Latinovic;1331;ATP
Patrik Niklas Salminen;1332;ATP
Szymon Kielan;1332;ATP
Aren Baybars;1334;ATP
Woobin Shin;1335;ATP
Uladzimir Ignatik;1336;ATP
Jeremy Zhang;1337;ATP
Mathis Bondaz;1338;ATP
Roberto Cid;1338;ATP
Martin Sabas;1340;ATP
David Fix;1341;ATP
Pablo Perez Navarro;1342;ATP
Oliver Anderson;1343;ATP
Andrea Paolini;1344;ATP
Florent Lagarrigue;1345;ATP
Jerrid Gaines;1346;ATP
Lev Seidman;1347;ATP
Oswaldo Alejandro Reyes Tirado;1347;ATP
Nemanja Malesevic;1349;ATP
William Mirarchi;1350;ATP
Shu Muto;1351;ATP
Ymerali Ibraimi;1352;ATP
Leo Lagarrigue;1353;ATP
Zangar Nurlanuly;1354;ATP
Xirui Han;1355;ATP
Diogo Marques;1356;ATP
Tomas Lanik;1357;ATP
Kazuki Nishiwaki;1358;ATP
Alvaro Peiro Serrano;1359;ATP
Drew Van Orderlain;1360;ATP
Nikolas Stoot;1360;ATP
Dillon Beckles;1362;ATP
Mikail Alimli;1363;ATP
Ty Host;1364;ATP
Sven Corbinais;1365;ATP
Remy Dugardin;1366;ATP
Stefan Storch;1367;ATP
Gray Voelzke;1368;ATP
Lucca Pinto;1368;ATP
Thando Longwe Smit;1368;ATP
Ammar Elamin;1371;ATP
Drazen Petrovic;1371;ATP
Matteo Fondriest;1371;ATP
Seung Woo Cho;1371;ATP
Xavi Palomar;1375;ATP
Michael Gloeckler;1376;ATP
Facundo Bagnis;1377;ATP
Daniel Cukierman;1378;ATP
Moritz Kudernatsch;1378;ATP
Takeru Yuzuki;1378;ATP
Yannik Alvarez;1378;ATP
Arthur Reymond;1382;ATP
Nathan Anthony Barki;1383;ATP
Jan Simonsson;1384;ATP
Sergio Luis Hernandez Ramirez;1385;ATP
Darian King;1386;ATP
Jozef Kovalik;1386;ATP
Wojciech Marek;1388;ATP
Jan Sadzik;1389;ATP
Lautaro Agustin Falabella;1389;ATP
Phillip Jordan;1389;ATP
Eli Stephenson;1392;ATP
Neo Niedner;1393;ATP
Sebastian Fanselow;1394;ATP
Adam Majchrzak;1395;ATP
Massimo Pizzigoni;1395;ATP
Artem Alekseychuk;1397;ATP
Muzammil Murtaza;1397;ATP
Juan Carlos Aguilar;1399;ATP
Harold Huens;1400;ATP
Mariano Tammaro;1400;ATP
Jonas Kucera;1402;ATP
Lasse Poertner;1402;ATP
Marko Milosavljevic;1402;ATP
Matisse Farzam;1405;ATP
Jesse De Jager;1406;ATP
Daniel Jovanovski;1407;ATP
Miha Vetrih;1407;ATP
Shu Matsuoka;1407;ATP
Andrin Casanova;1410;ATP
Gus Grumet;1411;ATP
Alex Jones;1412;ATP
Gian Marco Ortenzi;1412;ATP
Nathan Ponwith;1412;ATP
Peter Alam;1415;ATP
Sebastian Grundtvig Jorgensen;1415;ATP
Taketo Takamisawa;1417;ATP
Nik Mikovic;1418;ATP
Madhwin Kamath;1419;ATP
Corban Crowther;1420;ATP
Arjun Mehrotra;1421;ATP
Henry Lieberman;1422;ATP
Victor Braga;1423;ATP
Filippo Francesco Garbero;1424;ATP
Mario Arce Fernandez;1425;ATP
Mak Mikovic;1426;ATP
Sergio Planella Hernandez;1427;ATP
Carlos Giraldi;1428;ATP
Karim Mabrouk;1429;ATP
Aaron Gil Garcia;1430;ATP
Hitesh Chauhan;1431;ATP
Henry Jefferson;1432;ATP
Connor Thomson;1433;ATP
Oliver Majdandzic;1433;ATP
Ryan James Storrie;1433;ATP
Frederic Schlossmann;1436;ATP
Benjamin Winter Lopez;1437;ATP
Jake Fellows;1438;ATP
Santiago Lora;1438;ATP
Maximilian Marterer;1440;ATP
Boxiong Zhang;1441;ATP
Haydar Cem Gokpinar;1442;ATP
Livas Eduardo De Carvalho Damazio;1442;ATP
Naoki Tajima;1444;ATP
Benjamin Chelia;1445;ATP
Dax Donders;1446;ATP
Harrison Satara;1446;ATP
Loan Lestir;1446;ATP
Damien Salvestre;1449;ATP
Mauricio Echazu;1449;ATP
Ruben Hartig;1449;ATP
Matthieu Chambonniere;1452;ATP
Andrea Motta;1453;ATP
Arthur Laborde;1453;ATP
Nicola Senn;1455;ATP
Facundo Yunis;1456;ATP
Matthew Segura;1456;ATP
Gabriele Brancatelli;1458;ATP
Karlo Kajin;1458;ATP
Toshiki Karigyo;1458;ATP
Daniel Khazime;1461;ATP
Kabir Hans;1462;ATP
Niels Peter Van Noord;1462;ATP
Andreas Timini;1464;ATP
Kai I Wang;1465;ATP
Ryan Augusto Dos Santos;1465;ATP
Louis Tessa;1467;ATP
Mateo Luis Alvarez Sarmiento;1467;ATP
Minghui Zhang;1469;ATP
Yuquan Jin;1470;ATP
Alessio Basile;1471;ATP
Ignacio Antonio Becerra Otarola;1471;ATP
Jake Dembo;1473;ATP
Antonio Voljavec;1474;ATP
Hugo Pierre;1474;ATP
Yuttana Charoenphon;1474;ATP
Giammarco Gandolfi;1477;ATP
Bautista De La Pena;1478;ATP
Raghav Jaisinghani;1478;ATP
Aleksander Chayka;1480;ATP
Valentin Garay;1480;ATP
Adrian Arcon;1482;ATP
Volodymyr Gurenko;1483;ATP
Andrea M'Chich;1484;ATP
Nikola Jovic;1484;ATP
Melvin Kumar;1486;ATP
Ivan Biletic;1487;ATP
Breno Braga;1488;ATP
Ivan Iutkin;1488;ATP
Mac Visser;1490;ATP
Lorenzo Beraldo;1491;ATP
Alexey Aleshchev;1492;ATP
Arthur Bellegy;1492;ATP
Liam Delicata;1494;ATP
Vito Dellelba;1494;ATP
Noah Thurner;1496;ATP
Edison Ambarzumjan;1497;ATP
Edouard Villoslada;1497;ATP
Ioannis Kountourakis;1499;ATP
Matas Vasiliauskas;1500;ATP
Guy Orly Iradukunda;1501;ATP
Jagger Leach;1501;ATP
Semen Aginskiy;1501;ATP
Theodore Winegar;1501;ATP
Dennis Novak;1505;ATP
Guglielmo Verdese;1505;ATP
Herbert Jody Maginley;1507;ATP
Jeremy Beale;1507;ATP
Togan Tokac;1507;ATP
Tyler Bowers;1507;ATP
Kaito Uesugi;1511;ATP
Angel Veliz;1512;ATP
Donghyun Hwang;1512;ATP
Sho Katayama;1512;ATP
Petar Jovanovic;1515;ATP
Raffaele Ciurnelli;1516;ATP
Adil Kalyanpur;1517;ATP
John Bothma;1517;ATP
Logan Zapp;1517;ATP
Yeonsu Jeong;1517;ATP
Alexander Klintcharov;1521;ATP
Ludovico Vaccari;1521;ATP
Jan Chlodnicki;1523;ATP
Matic Kriznik;1523;ATP
Trisztan Gubi;1523;ATP
Vit Kalina;1523;ATP
Rafalentino Ali Da Costa;1527;ATP
Hugo Coquelin;1528;ATP
Arnav Paparkar;1529;ATP
Davide Pontoglio;1529;ATP
Henrique Ortenblad Nogueira;1529;ATP
Manvydas Balciunas;1529;ATP
Peetu Pohjola;1529;ATP
Seonyong Han;1529;ATP
Teodor Davidov;1529;ATP
Gavin Goode;1536;ATP
Rodolfo Jauregui Sainz De Rozas;1537;ATP
Tristan Berard;1537;ATP
Cem Christopher Kucukhuseyin;1539;ATP
Nathan Cox;1539;ATP
Rahul Dhokia;1541;ATP
Rhys Lawlor;1541;ATP
Gregor Hausberger;1543;ATP
Tyler Stice;1543;ATP
Vid Mohar;1543;ATP
Francisco Tomas Geschwind;1546;ATP
Emon Van Loben Sels;1547;ATP
Sheng Tang;1548;ATP
Daniel Domingos;1549;ATP
Mustafa Ege Sik;1549;ATP
Oskari Eerola;1549;ATP
Juan Bautista Otegui;1552;ATP
Samuel De Felipe Garcia;1552;ATP
Laurence Teunissen;1554;ATP
Savva Rybkin;1554;ATP
Maxi Carrascosa Diaz;1556;ATP
Nicolas Esteban Rico Arias;1556;ATP
Aryan Lakshmanan;1558;ATP
Hugo Hashimoto;1559;ATP
Kosuke Shibano;1560;ATP
Riku Takahata;1560;ATP
Silvio Mencaglia;1560;ATP
Tadeo Meneo;1560;ATP
Alessandro Coccioli;1564;ATP
Victor Bini;1564;ATP
Yua Taka;1566;ATP
Parth Aggarwal;1567;ATP
Fumin Jiang;1568;ATP
Lenny Couturier;1568;ATP
Aldin Setkic;1570;ATP
Pablo Aunion;1570;ATP
Charles Chen;1572;ATP
Luis Garcia Paez;1572;ATP
Richard Antoni;1574;ATP
Tomohiro Masabayashi;1574;ATP
Xiaoyin Yang;1574;ATP
Duck Hee Lee;1577;ATP
Esteban Talavera Cortes;1578;ATP
Gilberto Ravasio;1578;ATP
Xing Dao Chen;1578;ATP
Noah Perfetti;1581;ATP
Noel Larwig;1582;ATP
Amar Tahirovic;1583;ATP
Connor Church;1583;ATP
Connor Doig;1583;ATP
Courtney John Lock;1583;ATP
Loren Thomas Byers;1583;ATP
Luis Britto;1583;ATP
Samir Iftikhar;1583;ATP
William Mroz;1583;ATP
Alex Okonkwo;1591;ATP
Bienvenue Bolangi;1591;ATP
Georgi Georgiev;1591;ATP
Guillermo Tunas;1591;ATP
Miguel Semedo;1591;ATP
Oscar Andres Martinez De Freitas;1591;ATP
Richard Zusman;1591;ATP
Thai Son Kwiatkowski;1591;ATP
Mario Martinez Serrano;1599;ATP
Miguel Angel Machado;1599;ATP
Patricio Alvarado;1599;ATP
Robert Watzka;1602;ATP
Yousaf Khalil;1602;ATP
Benjamin Ignacio Torres Fernandez;1604;ATP
Damien Wenger;1604;ATP
Daniel Phillips;1604;ATP
Didrik Liljekvist;1604;ATP
Hao Sheng Koay;1604;ATP
Iker Urribarrens Ramirez;1604;ATP
Oliver Sanders;1604;ATP
Patrik Meszaros;1604;ATP
Romain Gales;1604;ATP
Rudy Quan;1604;ATP
Tanapatt Nirundorn;1604;ATP
Valentino Conte;1604;ATP
Aleksandar Tolev;1616;ATP
Botond Kisantal;1616;ATP
Ignacio De Armas;1616;ATP
Marco Furlanetto;1616;ATP
Alexander Bernard;1620;ATP
Dan Brand;1620;ATP
Fantino Alberca;1620;ATP
Filip Drab;1620;ATP
James Weber;1620;ATP
Kaua Lorenzo Santos Gava;1620;ATP
Kuzey Cekirge;1620;ATP
Lorenzo Balducci;1620;ATP
Matthew Carroll;1620;ATP
S Mert Ozdemir;1620;ATP
Yannic Nittmann;1620;ATP
Karl Kazuma Lee;1631;ATP
Mehdi Benchakroun;1631;ATP
Omar Kandil;1631;ATP
Sergey Betov;1631;ATP
David Bakonyi;1635;ATP
Giovanni Fonio;1635;ATP
Ivan Dreycopp;1635;ATP
Marcel Latak;1635;ATP
Nicholas Godsick;1635;ATP
Suk Ann;1635;ATP
Vishnu Vardhan;1635;ATP
Alex Huszar;1642;ATP
Antonin Witz;1642;ATP
Bill Chan;1642;ATP
Chun Chien Hou;1642;ATP
Diego Ortiz Gamonsl;1642;ATP
Ilija Palavestra;1642;ATP
Matteo Vavassori;1642;ATP
Rihards Neimanis;1642;ATP
Gustavo Albieri;1650;ATP
Aleksandre Shvangiradze;1651;ATP
Alexander Petrov;1651;ATP
Santiago Pesino;1651;ATP
Dmitry Dolzhenkov;1654;ATP
Ludvig Fredrik Hede;1654;ATP
Michalis Sakellaridis;1654;ATP
Mihai Alexandru Coman;1654;ATP
Simone Massellani;1654;ATP
Allan Gatoto;1659;ATP
Amador Salazar;1659;ATP
Nicolas Hollender;1659;ATP
Odysseas Geladaris;1659;ATP
Alessandro Spadola;1663;ATP
Andre Souza;1663;ATP
Hugo Cardinaud;1663;ATP
Jonas Pelle Hartenstein;1663;ATP
Jules Leroux;1663;ATP
Leonardo Angeloni;1663;ATP
Vito Antonio Darderi;1663;ATP
Weiyi Kong;1663;ATP
Pierre Antoine Faut;1671;ATP
Saki Tange;1671;ATP
Ye Chen;1671;ATP
Alejandro Lopez Escribano;1674;ATP
Daisuke Sumizawa;1674;ATP
Edoardo Zanada;1674;ATP
Justas Trainauskas;1674;ATP
Makar Krivoshchekov;1674;ATP
Nav Dayal;1674;ATP
Pedro Andre De Almeida Santos;1674;ATP
Piotr Galus;1674;ATP
Rodrigo Leal;1674;ATP
Vasco Leote Prata;1674;ATP
Carles Rojas;1684;ATP
Daniel Bagnolini;1685;ATP
Elias Julian Werner;1685;ATP
Evangelos Kypriotis;1685;ATP
Mahmoud Chetouane;1685;ATP
Matei Todoran;1685;ATP
Patrik Homola;1685;ATP
Pijus Vaitiekunas;1685;ATP
Sean Hodkin;1685;ATP
Shanker Heisnam;1685;ATP
Weiwen Pan;1685;ATP
Arian Barbic;1695;ATP
Vadym Konovchuk;1695;ATP
Ha Minh Duc Vu;1697;ATP
Jose Dominguez Alonso;1697;ATP
Karol Malirz;1697;ATP
Dorian Tremblay;1700;ATP
Valentin Gonzalez Galino;1700;ATP
Alp Horoz;1702;ATP
Cagan Efe Tufecki;1702;ATP
Caheer Warik;1702;ATP
Essa Qabazard;1702;ATP
Jan Wygona;1702;ATP
Andrei Kunitsyn;1707;ATP
David Naharro;1708;ATP
Federico Valle;1708;ATP
Jack Bruce Smith;1708;ATP
Jim Hendrikx;1708;ATP
Manuel Mouilleron Salvo;1712;ATP
Jeffrey Fradkin;1713;ATP
Lorenzo Ferri;1713;ATP
Louis Van Herck;1713;ATP
Radovan Michalik;1716;ATP
Alessio Vasquez Gehrke;1717;ATP
Aniss Rafiq;1717;ATP
Bruno Pujol Navarro;1717;ATP
Cristian Rodriguez;1717;ATP
David Wallechner;1717;ATP
Diego Eduardo Munoz Navia;1717;ATP
Evan King;1717;ATP
Ignacio Novo;1717;ATP
Imran Daniel Abd Hazli;1717;ATP
Jakub Solarski;1717;ATP
Justin Barki;1717;ATP
Lorenzo Sverzut Corsini;1717;ATP
Marcelo Zormann Da Silva;1717;ATP
Matias Franco Descotte;1717;ATP
Nathaniel Lammons;1717;ATP
Nour Fathalla;1717;ATP
Oliver Andre Solis Encinas;1717;ATP
Pablo Manzano Lapuerta;1717;ATP
Pietro Ricci;1717;ATP
Ramkumar Ramanathan;1717;ATP
Sebastian Sec;1717;ATP
Tomas Zurmendi;1717;ATP
Trey Hilderbrand;1717;ATP
Alberto Lim;1740;ATP
Andres Urrea;1740;ATP
Cleeve Harper;1740;ATP
Eduardo Lage;1740;ATP
Emiliano Aguilera Guerrero;1740;ATP
Enzo Crevelaro;1740;ATP
Eudald Gonzalez;1740;ATP
Hanlei Lu;1740;ATP
Ignacio Carou;1740;ATP
Jack Loutit;1740;ATP
Junhyeon Lee;1740;ATP
Kaan Isak Kosaner;1740;ATP
Kuang Qing Xu;1740;ATP
Mario Mansilla Diez;1740;ATP
Nathan Trouve;1740;ATP
Roman Sancilio;1740;ATP
Agustin Salazar;1756;ATP
Antonio Caruso;1756;ATP
Bengt Johan Reinhard;1756;ATP
Benjamin Vitter;1756;ATP
Dusan Milanovic;1756;ATP
Edward Etty;1756;ATP
Illya Marchenko;1756;ATP
Kabeer Kapasi;1756;ATP
Oliver Johansson;1756;ATP
Cristian Felipe Sanchez Rojas;1765;ATP
Darius Florin Pop;1765;ATP
Jakub Jedrzejczak;1765;ATP
Jaron Held;1765;ATP
Konstantin Zhzhenov;1765;ATP
Ku Keon Kang;1765;ATP
Tanakorn Srirat;1765;ATP
Zijiang Yang;1765;ATP
Adam Kaczmarek;1773;ATP
Alejandro Melero Kretzer;1773;ATP
Alejandro Moreno;1773;ATP
Bader Alabdullah;1773;ATP
Charlie Pade;1773;ATP
Christoph Gayk;1773;ATP
Corey Craig;1773;ATP
Eric Jr. Olivarez;1773;ATP
Gasper Matijasic;1773;ATP
Gianluca Carlini;1773;ATP
Giovanni Branchetti;1773;ATP
Josh Manuel;1773;ATP
Karue Sell;1773;ATP
Kolos Kincses;1773;ATP
Martin Antonio Vergara Del Puerto;1773;ATP
Marwan Ehab;1773;ATP
Mikal Oliver Statham;1773;ATP
Milos Mikovic;1773;ATP
Min Ho Ko;1773;ATP
Pedro Albuquerque Dietrich;1773;ATP
Petr Michnev;1773;ATP
Reda El Aouni;1773;ATP
Saba George Nanobashvili;1773;ATP
Seungmin Park;1773;ATP
Simon Reveniau;1773;ATP
Simone Agostini;1773;ATP
Zhan Zheng;1773;ATP
Benjamin Perez;1800;ATP
Brandon Perez;1800;ATP
Hyu Kawanishi;1800;ATP
Luiz Felipe Silva;1800;ATP
Martyn Pawelski;1800;ATP
Novak Novakovic;1800;ATP
Ryusuke Horiuchi;1800;ATP
Alejandro Arcila;1807;ATP
Ali Missoum;1807;ATP
Cooper Woestendick;1807;ATP
David Tixhon;1807;ATP
Derek Pham;1807;ATP
Eyad Reda Ezzat Mohamed Sherif;1807;ATP
Glib Sekachov;1807;ATP
Jordi Mas De Ugarte;1807;ATP
Krittin Koaykul;1807;ATP
Kunanan Pantaratorn;1807;ATP
Lautaro Rocha;1807;ATP
Luis Jose Nakamine;1807;ATP
Marko Bekeni;1807;ATP
Maximilian Borisov;1807;ATP
Maximilian Todorov;1807;ATP
Nikola Djukic Valera;1807;ATP
Noah Brownrigg;1807;ATP
Noah Martens;1807;ATP
Seiya Nakanishi;1807;ATP
Steffan Van Weldam;1807;ATP
Stijn Pel;1807;ATP
Valentin Guadagno;1807;ATP
Vesa Ahti;1807;ATP
Woong Bi Lee;1807;ATP
Zane Stevens;1807;ATP
Javier Molino;1832;ATP
Lingxi Zhao;1832;ATP
Marat Salbiev;1832;ATP
Sebastian Dominguez;1832;ATP
Taiki Takizawa;1832;ATP
Victor Ryden;1832;ATP
Benjamin Hannestad;1838;ATP
Daniel Lara Salmeron;1838;ATP
Daniele Minighini;1838;ATP
Felix Roussel;1838;ATP
Filippo Callerio;1838;ATP
Hiroki Sakagawa;1838;ATP
Joe Leather;1838;ATP
Leonardo Cattaneo;1838;ATP
Louis Dussin;1838;ATP
Marco Alvarez;1838;ATP
Martins Rocens;1838;ATP
Matisse Martin;1838;ATP
Matt Kleiman;1838;ATP
Matteo Mesaglio;1838;ATP
Maxime St Hilaire;1838;ATP
Niels Ratiu;1838;ATP
Oliwier Sterniczuk;1838;ATP
Rafael Augusto Garcia Finetto;1838;ATP
Reiya Komagata;1838;ATP
Roman Postolka;1838;ATP
Yazid Lahjomri;1838;ATP
Yoshka Sborowsky;1838;ATP
Alex Kobelt;1860;ATP
Aleksa Oparnica;1861;ATP
Alexis Gurmendi;1861;ATP
Dmytro Shirokyi;1861;ATP
Gabriele Volpi;1861;ATP
Gabriele Vulpitta;1861;ATP
Leonardo Malgaroli;1861;ATP
Oluwaseun Peter Ogunsakin;1861;ATP
Pepijn Bastiaansen;1861;ATP
Ruslan Serazhetdinov;1861;ATP
Tim Vaisman;1861;ATP
Alan Bojarski;1871;ATP
Albert Pedrico Kravtsov;1871;ATP
Alexander Gschiel;1871;ATP
Diogo Morais;1871;ATP
Gian Gruenig;1871;ATP
Henry Best;1871;ATP
Hugo Maia;1871;ATP
Marvin Bernardo Becker Spiering;1871;ATP
Ramazan Kaan Oktay;1871;ATP
Ren Nakamura;1871;ATP
Tobia Grandinetti;1871;ATP
Zaharije Zak Talic;1871;ATP
Marko Retelj;1883;ATP
Alan Sau Franco;1884;ATP
Arthur Bonnaud;1884;ATP
Denis Vishenchuk Vishenko;1884;ATP
Ezekiel Clark;1884;ATP
Thomas Gerbaud;1884;ATP
Yue Xia;1884;ATP
Ko Suzuki;1890;ATP
Adam Farag Cao;1891;ATP
Daniel Aleksandar Amarandei;1891;ATP
Frazier Rengifo;1891;ATP
Joao Graa;1891;ATP
Matic Hribar;1891;ATP
Maties Torres Ramis;1891;ATP
Salvador Monteiro;1891;ATP
Stevan Popovic;1891;ATP
Carl Holder;1899;ATP
Emanuel Ivanisevic;1899;ATP
Marko Nikolic;1899;ATP
Romain Andres;1899;ATP
Shaoyun Liu;1899;ATP
Tomas Jordi Leston;1899;ATP
Anthony Susanto;1905;ATP
Luca Parenti;1905;ATP
Anas Bennour Dit Sahli;1907;ATP
Benjamin Gusic Wan;1907;ATP
Giovanni Ciocca;1907;ATP
Jordi Garcia Mestre;1907;ATP
Matic Dimic;1911;ATP
Lawrence Bataljin;1912;ATP
Yuichiro Inui;1913;ATP
Adria Velazquez Farre;1914;ATP
Alejo Lorenzo Lingua Lavallen;1914;ATP
Aleksandar Mihailovic;1914;ATP
Alexander Glomb;1914;ATP
Alexandr Tiutchenko;1914;ATP
Andrea Tognolini;1914;ATP
Andrei Radu;1914;ATP
Andres Urquiola Montellano;1914;ATP
Anton Chekhov;1914;ATP
Antonio Marigliano;1914;ATP
Aslan Karatsev;1914;ATP
Barkat Ullah;1914;ATP
Bjorn Swenson;1914;ATP
Bruno Malacarne;1914;ATP
Charlelie Cosnet;1914;ATP
Chen Hui Ho;1914;ATP
Chen Yu Lu;1914;ATP
Chetanna Amadike;1914;ATP
Claus Piening;1914;ATP
Cole Thurgur;1914;ATP
Daniel Borisov;1914;ATP
Daniil Golubev;1914;ATP
Danil Panarin;1914;ATP
Dian Nedev;1914;ATP
Dominik Macej;1914;ATP
Drew Fishback;1914;ATP
Dylan Long;1914;ATP
Facundo Perlov;1914;ATP
Federico Gaston Gonzalez Benitez;1914;ATP
Felipe Pagnacco;1914;ATP
Felix Seres;1914;ATP
Filippo Alfano;1914;ATP
Finn Emslie Robson;1914;ATP
Francois Musitelli;1914;ATP
Gergely Madarasz;1914;ATP
Gian Durrer;1914;ATP
Gregoire Delattre;1914;ATP
Guelord Kayombo;1914;ATP
Hamza El Amine;1914;ATP
Hanamichi Carvajal;1914;ATP
Hidde Schoenmakers;1914;ATP
Ilya Ignatov;1914;ATP
Jack Secord;1914;ATP
Jannik Soetebier;1914;ATP
Jarno Jans;1914;ATP
Jayson Blando;1914;ATP
Jou George Gnjidic;1914;ATP
Juan Francisco Munoz;1914;ATP
Juan Ignacio Barraza;1914;ATP
Kanta Kujisaki;1914;ATP
Kayden Colombo;1914;ATP
Kyle Seelig;1914;ATP
Leon Sloboda;1914;ATP
Lucas Zancheta;1914;ATP
M Abid Ali Khan Akbar;1914;ATP
Malanqi Du;1914;ATP
Manuel Belda;1914;ATP
Manuel Sanchez;1914;ATP
Masaki Ishikawa;1914;ATP
Mauricio Schtulmann Gasca;1914;ATP
Max Mroz;1914;ATP
Maximilian Erhardt;1914;ATP
Milan Ristov;1914;ATP
Motoharu Abe;1914;ATP
Nand Vandepoele;1914;ATP
Nicholas Steiglehner;1914;ATP
Obrad Markovski;1914;ATP
Oscar Lacides;1914;ATP
Paris Pouatcha;1914;ATP
Philippe Renard;1914;ATP
Richard Lacis;1914;ATP
Ronan Tashinga Mtisi;1914;ATP
Ruochen Gao;1914;ATP
Sam Bakker;1914;ATP
Samuel Rovai;1914;ATP
Samuel Stolarik;1914;ATP
Sandesh Dattatray Kurale;1914;ATP
Sergej Zivkovic;1914;ATP
Shijie Chen;1914;ATP
Siwanat Auytayakul;1914;ATP
Stefano Reitano;1914;ATP
Thomas Kostka;1914;ATP
Valdemar Frederik Pape;1914;ATP
Vitor Costa Goncalves;1914;ATP
Will Mayew;1914;ATP
Woong Chan Lee;1914;ATP
Yago Castellanos;1914;ATP
Zichen Shao;1914;ATP
Zoran Ludoski;1914;ATP
Aaron James Williams;2003;ATP
Abubakar Talha;2003;ATP
Alan Aiukhanov;2003;ATP
Alessandro Dragoni;2003;ATP
Amaan Siddiqui;2003;ATP
Anes Latifovic;2003;ATP
Anthony Genov;2003;ATP
Bang Shuo Yin;2003;ATP
Bastian Berenz;2003;ATP
Bercel Sandor Takacs;2003;ATP
Borys Zgola;2003;ATP
Brandon Walkin;2003;ATP
Carel Aubriel;2003;ATP
Chikaya Sato;2003;ATP
Cing Yang Meng;2003;ATP
Daniel Adeleye;2003;ATP
David Jeanne Grandinot;2003;ATP
Dennis Andre Dutine;2003;ATP
Diogo Coelho;2003;ATP
Enrique Bogo;2003;ATP
Evan Burnett;2003;ATP
Felipe Jose Rivadeneira Gallegos;2003;ATP
Felix Raser;2003;ATP
Ferdinand Kloesters;2003;ATP
Finn Willman;2003;ATP
Fnu Nidunjianzan;2003;ATP
Hong Lin Fu;2003;ATP
Hugo Ouzilou;2003;ATP
Ivan Dorokhov;2003;ATP
Jaden Dewandaka Tan;2003;ATP
Jean Baptiste Badon;2003;ATP
Joan Torres Espinosa;2003;ATP
Joao Pedro Didoni Bonini;2003;ATP
Jordan Chiu;2003;ATP
Jose Luis Claro;2003;ATP
Juchan Hwang;2003;ATP
Julian Valenzuela;2003;ATP
Kael Shalin Shah;2003;ATP
Karim Al Amin;2003;ATP
Leonardo Suarez;2003;ATP
Liangxuan Lu;2003;ATP
Luc Wieland;2003;ATP
Lucas Yunez;2003;ATP
Luigi Valletta;2003;ATP
Luka Ceramilac;2003;ATP
Lun Obrul;2003;ATP
Martin Doskocil;2003;ATP
Matei Marius Partal;2003;ATP
Mateo Castaneda;2003;ATP
Matteo Sabbatini;2003;ATP
Max Pade;2003;ATP
Maximilian Oezcelik;2003;ATP
Mikhail Tsapenko;2003;ATP
Min Hyuk Cho;2003;ATP
Minjong Park;2003;ATP
Nicolas Kobelt;2003;ATP
Nicolas Ulrich;2003;ATP
Nikita Volonski;2003;ATP
Norbert Marosik;2003;ATP
Ole Bredschneijder;2003;ATP
Pedro Rodrigues Longobardi;2003;ATP
Photos Photiades;2003;ATP
Pierre Ngijol Carre;2003;ATP
Pietro Gava;2003;ATP
Ramiro Amarilla;2003;ATP
Reid Jarvis;2003;ATP
Roberto Ferrer Guimaraes;2003;ATP
Robin Eldin;2003;ATP
Romeo Arcuschin;2003;ATP
Sidane Pontjodikromo;2003;ATP
Sulaiman Syed;2003;ATP
Tri Srisen;2003;ATP
Victor Barrere;2003;ATP
Vladimir Bazilevskiy;2003;ATP
Yeongseok Jeong;2003;ATP
Yerassyl Yerdilda;2003;ATP
Yong Joon Park;2003;ATP
Yshai Oliel;2003;ATP
Yuya Hirose;2003;ATP
llan Hediger;2003;ATP
Adrien Berrut;2083;ATP
Alberto Bronzetti;2083;ATP
Alessandro Hunziker;2083;ATP
Amir Milushev;2083;ATP
Aqeel Khan;2083;ATP
Aron Janos Major;2083;ATP
Birtan Duran;2083;ATP
Botond Nagy;2083;ATP
Breno Rossetto Urvaneja;2083;ATP
Christopher Thies;2083;ATP
Clement Deleersnyder;2083;ATP
Danial Rakhmatullayev;2083;ATP
Daniil Stepanov;2083;ATP
David Cristian Carteputreda;2083;ATP
David Prasievi;2083;ATP
Debasis Sahoo;2083;ATP
Edoardo De Filippo;2083;ATP
Egor Shcherbakov;2083;ATP
Eric Martins;2083;ATP
Erkut Aydin;2083;ATP
Felipe Dreer;2083;ATP
Felix Einig;2083;ATP
Filip Stidell;2083;ATP
Franco Marini;2083;ATP
Freddy Murray;2083;ATP
Gonzalo Zeitune;2083;ATP
Ids Waterbolk;2083;ATP
Javier Guzman;2083;ATP
Javier Munoz Fuster;2083;ATP
Jeri Lassila;2083;ATP
Kai Thompson;2083;ATP
Karim El Feky;2083;ATP
Kentaro Otsuka;2083;ATP
Leonardo Storck Franca;2083;ATP
Loic Namigandet Tenguere;2083;ATP
Lucas Bouquet;2083;ATP
Luis Andres Flores Avila;2083;ATP
Marcin Andrzejczak;2083;ATP
Marco Migliorati;2083;ATP
Mariano Dedura Palomero;2083;ATP
Marko Knezevic;2083;ATP
Miles Clark;2083;ATP
Natsuki Yamamoto;2083;ATP
Nicaise Muamba;2083;ATP
Nicolas Baena;2083;ATP
Nika Bidzinashvili;2083;ATP
Ntungamili Raguin;2083;ATP
Rafael Kis Balazs;2083;ATP
Rafael Ymer;2083;ATP
Rajat Shirur;2083;ATP
Ryder Jackson;2083;ATP
Sai Karteek Reddy Ganta;2083;ATP
Sasa Markovic;2083;ATP
Sean Daryabeigi;2083;ATP
Thomas Patton;2083;ATP
Tomas Dummer Macedo;2083;ATP
Tomas Tischner;2083;ATP
Tugra Duran;2083;ATP
Vicente Freda;2083;ATP
Vicente Monge;2083;ATP
Vitor Cunha;2083;ATP
Yannis Batsabaken;2083;ATP
Zac Hamill;2083;ATP
Zian Vanderstappen;2083;ATP
Adam Gabor Szoke;2147;ATP
Alexander Guajardo;2147;ATP
Ander Tarrio Ponte;2147;ATP
Antoine Berger;2147;ATP
Barney Fitzpatrick;2147;ATP
Bruno Kokot;2147;ATP
Chris Spyrou;2147;ATP
Cooper Mccarthy;2147;ATP
Daniel Tazabekov;2147;ATP
Dmitrii Burtsev;2147;ATP
Egor Khotchenkov;2147;ATP
Enmanuel Munoz;2147;ATP
Eric Ahren Moonga;2147;ATP
Federico Bove;2147;ATP
Felipe Assuncao Garla;2147;ATP
Filippo Alberti;2147;ATP
Freddie Ridout;2147;ATP
Gabor Hornung;2147;ATP
Gabriel Sardo;2147;ATP
Gabrielius Guzauskas;2147;ATP
Goncalo Da Rosa Castro;2147;ATP
Gunawan Trismuwantara;2147;ATP
Hernando Jose Escurra Isnardi;2147;ATP
Idriss Haddouch;2147;ATP
Isac Stroemberg;2147;ATP
Jasza Szajrych;2147;ATP
Jaume Casas Blasi;2147;ATP
Jelani Sarr;2147;ATP
Jia Hu;2147;ATP
Joaquin Bianchi;2147;ATP
Juan Carlos Fuentes Vasquez;2147;ATP
Kaigaoge Kang;2147;ATP
Leon Peranovic;2147;ATP
Martin Maldonado;2147;ATP
Matteo Mura;2147;ATP
Matthew Shearer;2147;ATP
Matthias Uwe Kask;2147;ATP
Michal Novansky;2147;ATP
Niels Lootsma;2147;ATP
Oriol Font;2147;ATP
Oscar Pinto Sansano;2147;ATP
Pablo Trochu;2147;ATP
Pedro Henrique Chabalgoity;2147;ATP
Pietro Pampanin;2147;ATP
Ricardo Rodriguez;2147;ATP
Roshan Santhosh;2147;ATP
Sarthak Suden;2147;ATP
Sasha Colleu;2147;ATP
Sebastian Heinrich;2147;ATP
Shixun Zhu;2147;ATP
Stan Put;2147;ATP
Stijn Hofman;2147;ATP
Stijn Slump;2147;ATP
Svarmanyu Singh;2147;ATP
Thomas Nicholas Gadecki;2147;ATP
Tim Hammes;2147;ATP
Timofey Stepanov;2147;ATP
Uladzislau Tarasevich;2147;ATP
Vihaan Reddy;2147;ATP
Zhengyu Sun;2147;ATP
Abdulhamid Mubarak;2207;ATP
Alex Finkelstein;2207;ATP
Andre Megrabian;2207;ATP
Augusto Mateo Lucarelli;2207;ATP
Azuma Visaya;2207;ATP
Benedikt Szerencsits;2207;ATP
Brian Dal Zilio;2207;ATP
Calin Apostol;2207;ATP
Cedric Stanke;2207;ATP
Congsup Congcar;2207;ATP
Damien Clerc;2207;ATP
Dmitry Kopilevich;2207;ATP
Franco Ariel Vazquez;2207;ATP
Henrik Bladelius;2207;ATP
Ilias Zimmermann;2207;ATP
Jan Klimas;2207;ATP
Justin Lenders;2207;ATP
Leo Deflandre;2207;ATP
Makar Elesin;2207;ATP
Matteo Gribaldo;2207;ATP
Mattia Nannelli;2207;ATP
Matyas Kozlovsky;2207;ATP
Mustapha El Natour;2207;ATP
Patricio Betancourt Gonzalez;2207;ATP
Tadija Radovanovic;2207;ATP
Thomas Drayton;2207;ATP
Valentin Vanta;2207;ATP
Vladan Tadic;2207;ATP
Yu Tanaka;2207;ATP
Zachary Adam Gedge;2207;ATP
Agustin Libre;2237;ATP
Alberto Morolli;2237;ATP
Alexey Dubinin;2237;ATP
Alexis Canter;2237;ATP
Cezar Stefan Bentzel;2237;ATP
Felipe Vazquez;2237;ATP
Gheorghe Claudiu Schinteie;2237;ATP
Jack Mcgary;2237;ATP
Jonah Braswell;2237;ATP
Kaue Noatto;2237;ATP
Kazuma Kawachi;2237;ATP
Kylian Collignon;2237;ATP
Lachlan Vickery;2237;ATP
Laurin Aerne;2237;ATP
Luka Bojicic Ono;2237;ATP
Mario Andre Galarraga;2237;ATP
Mateya Stanisavljevic;2237;ATP
Matthew Rankin;2237;ATP
Mikhail Khodorchenko;2237;ATP
Oskar Grzegorzewski;2237;ATP
Oskar Jansson;2237;ATP
Petr Iamachkine;2237;ATP
Ruslan Kastsiukevich;2237;ATP
Simon Caldwell;2237;ATP
Tiago Silva;2237;ATP
Alvaro Jimenez;2262;ATP
Andriy Poritskyi;2262;ATP
Cian Maguire;2262;ATP
Fedor Sosedkin;2262;ATP
Gregorio Biondolillo;2262;ATP
Milledge Cossu;2262;ATP
Mukkesh Sabaresh Vijay Shankar;2262;ATP
Simphiwe Ngwenya;2262;ATP
Sungbeen Sim;2262;ATP
Vladimir Osminkin;2262;ATP
Alex Santino Nunez Vera;2272;ATP
Dylan Salton;2272;ATP
Francisco Faria;2272;ATP
Glauco Pinheiro Da Cruz Junior;2272;ATP
Leonel Cesar Castro;2272;ATP
Samuil Chestovaliev;2272;ATP
Thomas Enrique Menzel Piccioli;2272;ATP
Emirhan Bulut;2279;ATP
Jun Hao Luo;2279;ATP
Nicola Ion;2279;ATP
Tomas Luis;2279;ATP
William Nolan;2279;ATP
Zhenxiong Dong;2279;ATP
Andrei Corneliu Gadoiu;2285;ATP
Gokberk Saritas;2285;ATP
Noah Regas Luis;2285;ATP
Darrshan Suresh;2288;ATP
Oren Vasser;2289;ATP
Marc Saura Moragrega;2290;ATP
