Player;Tour;Rank;EloRank;Elo;HardEloRank;HardElo;ClayEloRank;ClayElo;GrassEloRank;GrassElo
Jannik Sinner;ATP;1;1;2296.9;1;2234.3;1;2186.8;1;2100.5
Carlos Alcaraz;ATP;3;2;2148.9;2;2079.8;2;2087.7;2;2015.3
Alexander Zverev;ATP;2;3;2110.9;3;2049.9;3;2056.7;3;1955.6
Novak Djokovic;ATP;11;4;2047.2;4;1997.1;6;1953.2;4;1932.1
Arthur Fils;ATP;9;5;2034.5;5;1973.6;4;1962.0;14;1803.5
Rafael Jodar;ATP;13;6;2000.8;11;1920.0;5;1956.0;27;1729.7
Ben Shelton;ATP;4;7;1992.5;6;1959.4;15;1861.1;6;1860.4
Felix Auger Aliassime;ATP;5;8;1973.0;8;1936.2;12;1871.5;11;1819.5
Alex De Minaur;ATP;10;9;1959.3;10;1927.0;13;1868.5;8;1839.5
Frances Tiafoe;ATP;8;10;1957.0;12;1911.4;19;1846.9;9;1837.3
Daniil Medvedev;ATP;6;11;1956.0;7;1936.4;10;1878.3;7;1841.9
Tommy Paul;ATP;16;12;1950.9;16;1886.5;9;1886.7;15;1798.9
Casper Ruud;ATP;21;13;1949.1;19;1867.7;7;1949.8;43;1686.6
Jiri Lehecka;ATP;23;14;1948.5;14;1903.3;22;1839.0;10;1821.3
Taylor Fritz;ATP;12;15;1948.0;17;1878.3;33;1780.4;5;1880.8
Joao Fonseca;ATP;29;16;1946.8;9;1933.1;14;1865.9;30;1722.1
Learner Tien;ATP;15;17;1943.2;13;1905.5;25;1822.5;32;1712.3
Brandon Nakashima;ATP;17;18;1928.2;15;1886.8;36;1779.5;16;1791.8
Alejandro Davidovich Fokina;ATP;26;19;1920.2;18;1871.0;24;1823.2;13;1803.9
Flavio Cobolli;ATP;7;20;1904.9;26;1825.5;16;1856.4;17;1782.3
Jakub Mensik;ATP;14;21;1897.0;20;1859.7;20;1843.9;38;1698.7
Alexander Blockx;ATP;28;22;1894.4;29;1803.6;18;1851.5;44;1683.4
Daniel Merida Aguilar;ATP;42;23;1889.7;25;1829.6;27;1812.6;71;1641.2
Andrey Rublev;ATP;24;24;1887.1;23;1835.5;11;1874.3;18;1758.5
Alexander Bublik;ATP;20;25;1886.0;24;1830.4;26;1822.0;12;1811.7
Stefanos Tsitsipas;ATP;44;26;1883.8;22;1835.5;8;1889.1;37;1702.6
Francisco Cerundolo;ATP;22;27;1881.0;27;1824.8;21;1843.3;25;1733.9
Alex Michelsen;ATP;34;28;1880.7;21;1859.6;57;1722.2;28;1727.9
Lorenzo Musetti;ATP;25;29;1872.4;28;1805.8;17;1851.9;20;1749.7
Hubert Hurkacz;ATP;39;30;1864.7;31;1800.6;28;1795.5;19;1751.7
Karen Khachanov;ATP;27;31;1839.5;34;1791.5;29;1792.9;24;1734.5
Cameron Norrie;ATP;40;32;1835.7;33;1796.8;30;1791.1;36;1703.1
Valentin Vacherot;ATP;18;33;1835.5;35;1787.8;49;1747.0;123;1571.7
Luciano Darderi;ATP;19;34;1829.6;63;1730.8;23;1836.7;93;1618.9
Ugo Humbert;ATP;32;35;1826.2;30;1802.4;61;1711.3;23;1734.9
Matteo Berrettini;ATP;47;36;1824.4;37;1779.9;32;1786.5;22;1738.2
Mariano Navone;ATP;45;37;1821.4;52;1741.3;31;1786.7;133;1559.0
Tomas Machac;ATP;75;38;1817.8;38;1777.9;43;1758.7;45;1681.8
Nuno Borges;ATP;49;39;1817.1;40;1773.3;50;1746.4;47;1680.8
Titouan Droguet;ATP;72;40;1817.1;41;1773.2;45;1751.1;56;1665.5
Arthur Fery;ATP;36;41;1815.5;51;1745.1;119;1617.9;29;1723.5
Thiago Agustin Tirante;ATP;52;42;1809.4;55;1735.8;42;1759.3;113;1585.8
Ignacio Buse;ATP;35;43;1808.1;57;1735.5;41;1762.8;82;1631.1
Toby Samuel;ATP;98;44;1803.9;36;1786.8;90;1664.7;98;1606.1
Denis Shapovalov;ATP;46;45;1803.5;32;1797.8;72;1692.5;75;1636.4
Roman Safiullin;ATP;84;46;1801.4;56;1735.5;35;1780.0;31;1719.6
Botic Van De Zandschulp;ATP;41;47;1800.1;43;1770.7;62;1710.1;91;1621.8
Dino Prizmic;ATP;95;48;1799.7;72;1713.4;37;1777.0;105;1598.5
Jaime Faria;ATP;61;49;1799.2;68;1723.5;48;1747.2;35;1706.5
Alejandro Tabilo;ATP;31;50;1798.6;48;1752.8;46;1750.2;64;1652.0
Gael Monfils;ATP;251;51;1796.7;42;1771.6;81;1681.6;66;1648.4
Raphael Collignon;ATP;48;52;1796.5;61;1732.1;39;1772.4;76;1636.4
Eliot Spizzirri;ATP;143;53;1796.1;45;1765.0;149;1584.1;83;1630.0
Ethan Quinn;ATP;65;54;1794.3;47;1762.3;77;1683.3;40;1695.9
Thanasi Kokkinakis;ATP;413;55;1793.8;46;1764.5;55;1722.7;116;1581.6
Yannick Hanfmann;ATP;54;56;1793.0;62;1731.6;44;1751.6;63;1653.0
Arthur Cazaux;ATP;201;57;1792.9;54;1737.6;67;1702.8;59;1658.7
Juan Manuel Cerundolo;ATP;53;58;1791.8;81;1701.0;40;1765.1;130;1565.1
Marin Cilic;ATP;78;59;1789.0;49;1749.7;71;1695.5;21;1742.3
Sebastian Korda;ATP;74;60;1783.6;53;1740.0;97;1644.9;61;1654.0
Tallon Griekspoor;ATP;55;61;1782.5;44;1767.8;56;1722.3;39;1697.1
Zizou Bergs;ATP;38;62;1781.6;66;1725.5;84;1679.3;34;1706.7
Arthur Gea;ATP;58;63;1777.4;39;1774.4;124;1611.4;89;1624.0
Luca Van Assche;ATP;43;64;1774.6;64;1730.3;53;1727.6;114;1583.7
Quentin Halys;ATP;50;65;1772.6;77;1708.8;47;1749.9;73;1639.2
Jack Draper;ATP;157;66;1772.5;65;1729.3;87;1671.7;49;1679.1
Jordan Thompson;ATP;432;67;1772.4;60;1732.6;132;1604.6;33;1708.7
Tomas Martin Etcheverry;ATP;30;68;1772.1;67;1724.6;51;1744.8;144;1546.4
Kamil Majchrzak;ATP;71;69;1769.9;73;1710.0;63;1708.0;26;1731.1
Arthur Rinderknech;ATP;33;70;1768.4;59;1733.6;68;1700.9;58;1663.2
Pablo Carreno Busta;ATP;66;71;1767.5;75;1709.7;52;1740.9;111;1586.6
Jaume Munar;ATP;64;72;1766.7;50;1748.0;69;1697.3;84;1629.6
Michael Zheng;ATP;92;73;1762.1;70;1717.7;126;1609.7;57;1665.0
Benjamin Bonzi;ATP;90;74;1761.8;69;1721.3;108;1628.1;52;1670.1
Fabian Marozsan;ATP;62;75;1761.0;71;1716.6;65;1704.0;70;1642.1
Hamad Medjedovic;ATP;77;76;1756.7;105;1664.4;38;1774.4;99;1606.0
Matteo Arnaldi;ATP;37;77;1754.9;91;1676.5;34;1780.4;119;1578.0
Sebastian Baez;ATP;51;78;1753.8;80;1702.0;54;1725.2;158;1534.7
Reilly Opelka;ATP;155;79;1748.9;58;1733.8;99;1644.0;79;1634.6
Marton Fucsovics;ATP;133;80;1745.1;82;1699.1;83;1680.6;41;1691.4
Nishesh Basavareddy;ATP;139;81;1743.8;83;1698.4;95;1645.4;139;1555.3
Lloyd Harris;ATP;125;82;1742.1;76;1709.0;133;1604.5;67;1646.3
Rinky Hijikata;ATP;82;83;1740.7;84;1695.7;155;1573.8;60;1657.6
Terence Atmane;ATP;99;84;1737.3;78;1705.3;98;1644.8;137;1556.6
Jan Lennard Struff;ATP;59;85;1736.7;112;1654.0;79;1682.5;42;1687.4
Soon Woo Kwon;ATP;158;86;1736.4;85;1694.4;115;1621.3;74;1637.8
Miomir Kecmanovic;ATP;57;87;1735.1;90;1682.5;64;1705.6;92;1621.3
Jan Kumstat;ATP;187;88;1734.2;223;1494.5;58;1721.5;128;1567.1
Alex Molcan;ATP;96;89;1732.9;115;1641.8;66;1703.0;87;1626.3
Grigor Dimitrov;ATP;126;90;1731.7;74;1709.9;100;1643.2;53;1668.0
Facundo Diaz Acosta;ATP;69;91;1731.5;173;1554.0;60;1718.5;205;1490.4
Alexei Popyrin;ATP;129;92;1730.5;95;1673.4;59;1721.3;121;1574.7
Jenson Brooksby;ATP;101;93;1723.8;88;1688.0;114;1622.1;54;1667.0
Jacob Fearnley;ATP;94;94;1723.1;102;1667.7;92;1659.8;50;1677.5
Lorenzo Sonego;ATP;83;95;1715.2;87;1692.3;110;1625.9;72;1640.7
Mattia Bellucci;ATP;91;96;1714.2;104;1666.2;129;1606.8;62;1653.5
Corentin Moutet;ATP;70;97;1713.6;86;1693.6;85;1676.5;95;1617.3
Daniel Altmaier;ATP;67;98;1712.8;122;1634.4;76;1686.7;109;1586.9
Zsombor Piros;ATP;113;99;1710.9;97;1670.0;86;1675.3;120;1575.4
Bu Yunchaokete;ATP;104;100;1710.1;100;1668.8;127;1609.0;100;1605.3
Yibing Wu;ATP;111;101;1708.6;79;1703.9;94;1653.1;212;1483.7
Kei Nishikori;ATP;436;102;1708.5;98;1670.0;130;1606.8;108;1588.4
Martin Damm;ATP;103;103;1708.5;108;1660.1;188;1536.4;69;1643.7
Zachary Svajda;ATP;80;104;1708.1;101;1668.2;150;1584.0;55;1666.5
Christopher Oconnell;ATP;114;105;1707.7;89;1683.4;148;1586.4;80;1634.0
Kyrian Jacquet;ATP;86;106;1707.4;94;1674.2;137;1599.9;51;1671.2
Gabriel Diallo;ATP;118;107;1704.0;109;1659.6;113;1623.1;81;1633.1
Juncheng Shang;ATP;250;108;1700.2;116;1640.7;120;1617.4;85;1627.9
Coleman Wong;ATP;100;109;1698.3;96;1673.3;208;1514.8;190;1504.9
Adolfo Daniel Vallejo;ATP;56;110;1698.2;159;1569.7;82;1680.7;157;1537.9
Roberto Bautista Agut;ATP;240;111;1696.9;103;1666.5;103;1638.0;68;1645.6
Hugo Gaston;ATP;87;112;1696.0;99;1669.6;104;1634.0;107;1590.5
Emilio Nava;ATP;119;113;1695.6;131;1616.9;80;1681.8;154;1538.2
Marcos Giron;ATP;85;114;1693.3;107;1660.1;146;1591.5;86;1627.0
Leandro Riedi;ATP;246;115;1693.1;92;1675.3;140;1598.6;88;1625.8
Adam Walton;ATP;97;116;1690.5;118;1637.9;187;1536.8;97;1608.1
Yoshihito Nishioka;ATP;214;117;1688.7;110;1659.2;118;1618.3;153;1539.9
Andrea Vavassori;ATP;598;118;1688.1;111;1655.0;101;1642.3;156;1538.1
Jan Choinski;ATP;89;119;1688.0;180;1546.7;78;1682.9;141;1551.3
Vit Kopriva;ATP;68;120;1687.4;123;1634.1;91;1663.8;124;1570.3
Valentin Royer;ATP;105;121;1686.2;117;1638.6;107;1630.7;104;1600.2
Roman Andres Burruchaga;ATP;60;122;1684.6;214;1506.2;73;1691.2;162;1531.2
Jason Kubler;ATP;528;123;1684.5;121;1635.3;121;1615.7;48;1679.3
Camilo Ugo Carabelli;ATP;76;124;1683.2;163;1564.2;70;1696.8;270;1443.2
Jesper De Jong;ATP;93;125;1683.1;136;1610.0;88;1667.6;155;1538.2
Laslo Djere;ATP;181;126;1681.3;141;1598.8;75;1689.8;134;1558.2
Adrian Mannarino;ATP;81;127;1677.1;113;1648.7;228;1489.6;65;1648.7
Otto Virtanen;ATP;106;128;1676.4;114;1643.8;175;1547.0;46;1681.0
Luka Mikrut;ATP;166;129;1673.7;231;1485.2;74;1691.2;194;1500.6
James Duckworth;ATP;63;130;1669.1;124;1629.7;144;1593.1;126;1568.9
Cristian Garin;ATP;131;131;1668.7;148;1585.3;93;1657.4;94;1618.2
Martin Landaluce;ATP;73;132;1667.9;126;1625.0;116;1619.9;115;1582.6
Oliver Tarvet;ATP;302;133;1667.8;137;1604.5;151;1583.9;78;1635.1
Ilia Simakin;ATP;152;134;1666.9;93;1675.1;310;1411.5;160;1533.5
Giovanni Mpetshi Perricard;ATP;107;135;1658.8;143;1597.8;105;1633.3;102;1603.0
Chris Rodesch;ATP;151;136;1656.3;106;1662.4;167;1557.4;132;1560.1
Dalibor Svrcina;ATP;124;137;1656.3;120;1636.3;154;1579.2;215;1483.0
Mark Lajal;ATP;147;138;1655.0;125;1628.0;202;1518.1;148;1541.2
Stan Wawrinka;ATP;142;139;1650.6;119;1637.7;145;1591.9;125;1569.4
Aleksandar Kovacevic;ATP;79;140;1648.8;128;1620.3;158;1569.3;225;1472.7
Patrick Kypson;ATP;115;141;1648.4;132;1615.1;165;1558.7;172;1517.5
Nicolas Jarry;ATP;859;142;1648.3;157;1573.5;102;1641.5;77;1635.2
Pablo Llamas Ruiz;ATP;144;143;1648.3;164;1563.3;89;1666.6;168;1525.2
Marco Trungelliti;ATP;88;144;1647.6;186;1541.9;111;1624.9;218;1479.7
Rei Sakamoto;ATP;137;145;1647.4;127;1624.7;186;1537.5;166;1527.8
Jurij Rodionov;ATP;140;146;1646.9;140;1599.4;139;1599.3;110;1586.9
Sebastian Ofner;ATP;117;147;1646.0;149;1584.0;106;1632.6;103;1600.5
David Goffin;ATP;461;148;1645.7;135;1611.2;109;1627.7;90;1622.5
Aleksandar Vukic;ATP;112;149;1642.6;133;1614.6;196;1521.8;127;1568.4
Alexandre Muller;ATP;132;150;1640.1;129;1620.2;136;1600.4;197;1497.6
Damir Dzumhur;ATP;102;151;1639.3;145;1589.7;125;1610.8;151;1540.6
Dusan Lajovic;ATP;146;152;1638.7;152;1580.5;135;1602.9;171;1518.0
Marat Sharipov;ATP;238;153;1632.9;130;1619.8;224;1499.9;173;1516.5
Nikoloz Basilashvili;ATP;121;154;1630.2;144;1594.9;152;1580.6;122;1572.3
Alexander Shevchenko;ATP;109;155;1628.8;151;1582.4;122;1615.4;281;1439.0
Andrea Guerrieri;ATP;164;156;1628.8;154;1578.1;174;1548.2;152;1540.4
Harold Mayot;ATP;191;157;1627.4;134;1612.8;177;1545.6;164;1528.5
Henrique Rocha;ATP;127;158;1626.9;160;1569.5;117;1619.0;224;1473.6
Borna Gojo;ATP;148;159;1626.7;138;1603.8;123;1613.8;248;1456.6
Francisco Comesana;ATP;123;160;1623.2;153;1579.0;128;1607.2;192;1502.8
Giulio Zeppieri;ATP;555;161;1621.9;146;1589.0;161;1565.7;117;1578.9
Felix Balshaw;ATP;198;162;1620.8;155;1575.8;181;1544.4;178;1510.4
Max Alcala Gurri;ATP;138;163;1616.8;328;1400.1;138;1599.4;181;1508.4
Matej Dodig;ATP;171;164;1615.2;233;1483.1;141;1597.4;185;1506.8
Stefanos Sakellaridis;ATP;134;165;1614.4;142;1598.3;162;1565.2;142;1549.9
Sho Shimabukuro;ATP;108;166;1614.2;168;1558.0;235;1480.7;101;1604.1
Andrea Pellegrino;ATP;145;167;1610.6;321;1406.6;142;1596.6;301;1430.2
J J Wolf;ATP;219;168;1610.2;150;1583.8;203;1517.6;150;1540.7
Hugo Dellien;ATP;128;169;1606.4;252;1470.6;134;1603.3;250;1455.7
Zhizhen Zhang;ATP;165;170;1605.9;158;1570.2;143;1595.3;112;1586.4
Thiago Seyboth Wild;ATP;136;171;1605.4;175;1550.5;147;1590.5;174;1514.8
Jerome Kym;ATP;286;172;1603.2;162;1564.8;157;1571.2;147;1541.5
Taro Daniel;ATP;172;173;1603.1;190;1537.6;153;1579.2;196;1499.2
Pavel Kotov;ATP;182;174;1602.3;139;1601.3;195;1522.4;189;1505.2
Lukas Klein;ATP;832;175;1601.1;195;1535.1;112;1623.9;135;1557.2
Mackenzie Mcdonald;ATP;167;176;1600.3;147;1587.7;245;1470.7;145;1544.6
Gustavo Heide;ATP;122;177;1600.1;236;1479.1;131;1605.8;230;1469.6
Liam Draxl;ATP;215;178;1597.6;165;1562.7;221;1501.8;268;1444.2
Dylan Dietrich;ATP;363;179;1594.1;209;1509.1;189;1535.9;199;1497.0
Mees Rottgering;ATP;335;180;1591.8;172;1554.3;223;1500.7;177;1511.7
Dhakshineswar Suresh;ATP;364;181;1591.4;169;1556.0;317;1405.7;200;1495.7
Nicolai Budkov Kjaer;ATP;154;182;1588.6;167;1558.1;183;1541.8;186;1506.6
Marco Cecchinato;ATP;161;183;1587.9;263;1461.5;163;1565.2;287;1435.0
Michael Mmoh;ATP;149;184;1587.4;156;1573.9;226;1495.4;221;1475.0
Dominic Stricker;ATP;264;185;1587.1;187;1540.6;176;1546.7;136;1557.0
Tristan Boyer;ATP;202;186;1586.8;191;1537.2;168;1557.4;201;1495.5
Edas Butvilas;ATP;203;187;1584.2;161;1567.4;234;1480.9;262;1448.2
Alexis Galarneau;ATP;180;188;1583.2;192;1537.0;237;1479.9;131;1561.7
Tristan Schoolkate;ATP;153;189;1581.2;177;1548.2;241;1475.0;140;1553.4
Federico Cina;ATP;150;190;1581.1;183;1545.1;178;1545.5;206;1488.2
Vilius Gaubas;ATP;141;191;1580.9;185;1543.4;193;1525.5;118;1578.2
Tom Gentzsch;ATP;162;192;1577.9;215;1506.1;159;1568.6;209;1486.1
Roberto Carballes Baena;ATP;252;193;1577.2;166;1558.2;164;1562.8;216;1482.2
Tomas Barrios Vera;ATP;135;194;1575.9;194;1535.4;185;1537.8;146;1542.3
Carlos Taberner;ATP;376;195;1574.5;297;1425.0;160;1566.7;336;1415.5
Filip Misolic;ATP;468;196;1574.1;265;1460.8;96;1645.3;170;1524.7
Darwin Blanch;ATP;163;197;1572.4;199;1530.8;217;1504.0;195;1500.1
Ilya Ivashka;ATP;233;198;1570.7;179;1547.8;156;1573.0;161;1532.8
Marvin Moeller;ATP;235;199;1569.1;272;1451.3;170;1553.1;159;1534.5
Jay Dylan Hara Friend;ATP;255;200;1568.0;193;1536.5;333;1388.9;211;1484.0
Harry Wendelken;ATP;178;201;1566.7;171;1555.5;372;1356.7;234;1463.8
Andres Andrade;ATP;206;202;1565.8;197;1531.5;216;1504.3;239;1461.6
Shintaro Mochizuki;ATP;120;203;1565.7;217;1503.5;239;1478.0;96;1613.4
Pedro Martinez;ATP;130;204;1565.4;181;1545.9;184;1541.5;278;1439.8
Thiago Monteiro;ATP;232;205;1564.7;198;1531.2;180;1544.8;231;1469.2
Nicolas Mejia;ATP;116;206;1564.1;243;1475.5;166;1558.3;138;1555.4
Max Basing;ATP;244;207;1562.7;205;1521.2;330;1391.3;129;1566.1
Kilian Feldbausch;ATP;263;208;1562.3;370;1368.6;172;1552.4;217;1481.1
Diego Dedura Palomero;ATP;186;209;1561.2;390;1350.6;173;1549.9;269;1443.5
Clement Chidekh;ATP;177;210;1560.8;174;1552.3;335;1387.1;176;1514.6
Pierre Hugues Herbert;ATP;292;211;1560.0;182;1545.8;227;1492.1;165;1528.3
Luca Nardi;ATP;247;212;1559.9;176;1550.4;211;1513.2;324;1420.1
Daniel Rincon;ATP;257;213;1559.3;201;1524.5;194;1525.3;387;1390.0
Juan Carlos Prado Angelo;ATP;159;214;1559.0;288;1435.3;171;1553.0;236;1463.5
Nicolas Moreno De Alboran;ATP;886;215;1556.6;178;1548.0;204;1517.6;238;1461.8
Jack Pinnington Jones;ATP;197;216;1556.4;189;1538.2;285;1432.9;169;1525.2
Cedrik Marcel Stebe;ATP;636;217;1556.4;203;1523.2;179;1544.9;237;1463.3
Alex Bolt;ATP;183;218;1556.3;207;1515.5;322;1402.1;149;1540.9
Rodrigo Pacheco Mendez;ATP;260;219;1556.0;196;1534.5;250;1466.2;219;1478.0
Francesco Passaro;ATP;225;220;1551.8;170;1555.5;212;1510.8;293;1432.3
Mikhail Kukushkin;ATP;351;221;1551.6;200;1525.7;201;1518.4;179;1510.3
George Loffhagen;ATP;368;222;1550.6;184;1544.7;383;1350.4;245;1457.6
Chun Hsin Tseng;ATP;221;223;1550.6;222;1496.1;182;1542.2;396;1386.3
Nikolas Sanchez Izquierdo;ATP;156;224;1550.5;432;1317.1;191;1532.1;260;1449.7
Timo Legout;ATP;355;225;1550.2;202;1524.0;407;1333.1;220;1475.1
Guy Den Ouden;ATP;315;226;1550.2;391;1350.0;169;1553.6;332;1417.9
Daniil Glinka;ATP;173;227;1549.3;188;1539.1;249;1466.4;306;1427.2
Vitaliy Sachko;ATP;179;228;1548.0;261;1463.3;205;1517.5;338;1414.0
Mika Brunold;ATP;256;229;1545.1;234;1482.9;198;1520.9;226;1472.5
Igor Ribeiro Marcondes;ATP;269;230;1544.2;224;1494.3;209;1514.4;274;1441.6
Lautaro Midon;ATP;200;231;1544.2;254;1468.0;192;1531.6;280;1439.2
Lukas Neumayer;ATP;174;232;1544.0;268;1452.8;197;1521.8;360;1403.5
Giles Hussey;ATP;306;233;1542.8;242;1476.5;343;1381.4;204;1491.9
Colton Smith;ATP;211;234;1541.1;216;1505.1;257;1457.8;167;1525.8
Inaki Montes De La Torre;ATP;228;235;1539.9;206;1520.7;248;1468.2;229;1470.0
Marc Andrea Huesler;ATP;271;236;1539.7;211;1507.4;199;1520.1;222;1475.0
Sascha Gueymard Wayenburg;ATP;218;237;1536.9;204;1521.4;258;1456.3;290;1432.9
Brandon Holt;ATP;787;238;1536.8;213;1507.1;376;1353.7;184;1507.0
Andre Ilagan;ATP;195;239;1534.9;208;1509.9;348;1377.4;253;1454.8
Alejandro Moro Canas;ATP;230;240;1534.6;221;1498.3;215;1506.0;180;1509.8
Alex Barrena;ATP;220;241;1532.5;411;1334.4;206;1515.2;283;1437.8
Timofey Skatov;ATP;204;242;1531.9;241;1477.2;210;1514.3;182;1507.4
Juan Pablo Varillas;ATP;193;243;1529.7;335;1396.2;200;1518.6;383;1392.9
Clement Tabur;ATP;160;244;1528.2;226;1493.0;220;1502.5;203;1493.7
Remy Bertola;ATP;226;245;1528.1;245;1473.4;256;1458.0;187;1506.6
Yosuke Watanuki;ATP;402;246;1526.3;212;1507.3;244;1472.4;163;1530.0
Kimmer Coppejans;ATP;229;247;1525.8;270;1452.4;218;1503.2;244;1457.8
Bernard Tomic;ATP;184;248;1523.3;227;1492.6;273;1444.6;175;1514.7
Liam Broady;ATP;208;249;1521.9;225;1493.6;263;1454.4;214;1483.1
Henry Searle;ATP;224;250;1521.9;334;1397.8;346;1379.1;106;1594.4
Billy Harris;ATP;237;251;1521.4;247;1472.7;356;1369.7;143;1546.6
Cezar Cretu;ATP;272;252;1520.6;259;1464.6;222;1501.7;241;1460.3
Gonzalo Bueno;ATP;176;253;1517.3;373;1366.4;214;1506.7;308;1426.6
Pol Martin Tiffon;ATP;209;254;1516.3;218;1502.9;242;1473.7;279;1439.4
Murphy Cassone;ATP;268;255;1515.7;228;1491.7;365;1361.9;318;1422.7
Cruz Hewitt;ATP;322;256;1513.7;230;1490.3;360;1366.9;247;1456.9
Trevor Svajda;ATP;480;257;1512.5;239;1478.4;361;1366.2;249;1456.2
Elmer Moller;ATP;175;258;1510.2;305;1416.5;207;1514.9;210;1484.2
Maxim Mrva;ATP;213;259;1508.6;210;1507.7;232;1481.0;191;1504.3
Stefano Travaglia;ATP;170;260;1506.6;220;1500.3;247;1468.9;303;1429.6
Ugo Blanchet;ATP;311;261;1506.2;219;1501.8;286;1432.5;373;1396.8
Sumit Nagal;ATP;249;262;1506.0;279;1444.9;219;1502.9;402;1385.5
Arthur Bouquier;ATP;733;263;1505.4;235;1482.0;408;1332.6;277;1440.2
Luka Pavlovic;ATP;205;264;1505.3;253;1469.0;264;1453.1;207;1488.2
Elias Ymer;ATP;192;265;1505.2;244;1473.9;246;1470.7;213;1483.2
Charles Broom;ATP;261;266;1505.1;232;1485.2;406;1333.3;289;1434.0
Carlo Alberto Caniato;ATP;;267;1504.9;403;1340.3;225;1499.0;255;1452.5
Hyeon Chung;ATP;556;268;1501.7;248;1471.9;190;1532.4;354;1406.8
Norbert Gombos;ATP;349;269;1501.0;256;1466.7;230;1486.9;294;1432.0
Hugo Grenier;ATP;284;270;1500.5;250;1471.4;337;1386.4;313;1424.8
Nerman Fatic;ATP;445;271;1498.9;285;1438.0;243;1472.8;232;1467.8
Federico Agustin Gomez;ATP;196;272;1498.8;289;1434.6;236;1480.5;312;1425.3
Dane Sweeny;ATP;110;273;1496.4;276;1449.2;450;1305.1;228;1472.1
Facundo Mena;ATP;190;274;1496.2;380;1362.0;229;1489.2;343;1412.8
Max Houkes;ATP;223;275;1494.9;427;1322.1;238;1478.1;405;1384.1
Andrej Nedic;ATP;241;276;1494.7;266;1456.5;251;1465.8;198;1497.3
Sebastian Gorzny;ATP;409;277;1493.9;262;1462.6;370;1356.9;263;1446.9
Daniel Elahi Galan;ATP;377;278;1493.6;237;1478.8;261;1454.8;223;1473.8
Joel Schwaerzler;ATP;185;279;1493.1;258;1464.7;271;1446.8;305;1428.8
Abedallah Shelbayh;ATP;346;280;1492.4;238;1478.5;402;1337.1;227;1472.4
Gauthier Onclin;ATP;169;281;1491.9;249;1471.5;259;1456.0;233;1467.0
Joao Lucas Reis Da Silva;ATP;231;282;1491.5;378;1362.2;240;1476.6;347;1409.4
Maks Kasnikowski;ATP;234;283;1490.5;290;1433.8;233;1480.9;202;1495.3
Radu Mihai Papoe;ATP;319;284;1490.5;322;1406.1;267;1451.2;266;1445.2
Mili Poljicak;ATP;293;285;1488.5;446;1305.3;255;1459.6;350;1408.4
Hynek Barton;ATP;283;286;1486.2;255;1467.3;253;1460.4;271;1443.1
Rio Noguchi;ATP;216;287;1485.6;246;1472.8;464;1284.7;481;1337.9
Stefan Dostanic;ATP;303;288;1485.4;229;1491.5;324;1399.5;272;1442.7
Jack Kennedy;ATP;393;289;1483.8;359;1376.1;213;1507.3;273;1441.9
August Holmgren;ATP;245;290;1481.3;284;1438.3;268;1450.4;188;1506.4
Federico Coria;ATP;833;291;1480.9;310;1415.0;252;1463.9;434;1367.1
Braden Shick;ATP;207;292;1480.4;264;1461.3;359;1367.1;326;1419.6
Matheus Pucinelli De Almeida;ATP;270;293;1475.3;452;1300.4;231;1481.6;282;1438.5
Lucas Poullain;ATP;334;294;1473.8;275;1449.7;438;1314.7;285;1436.9
Francesco Maestrelli;ATP;168;295;1472.9;240;1477.6;288;1430.2;459;1350.5
Henri Squire;ATP;242;296;1472.5;302;1420.8;262;1454.7;475;1340.4
Max Hans Rehberg;ATP;274;297;1471.9;251;1470.9;303;1419.9;433;1368.9
Jacopo Vasami;ATP;392;298;1470.9;441;1309.1;280;1437.1;286;1435.4
Moez Echargui;ATP;371;299;1470.2;281;1443.5;357;1369.5;265;1446.4
Gijs Brouwer;ATP;837;300;1469.5;280;1444.7;316;1406.3;246;1457.1
Li Tu;ATP;529;301;1469.3;271;1451.9;366;1361.1;183;1507.1
Aziz Dougaz;ATP;423;302;1468.2;267;1454.0;319;1404.1;394;1387.7
Daniel Masur;ATP;373;303;1468.2;282;1439.7;298;1424.3;302;1429.7
Quinn Vandecasteele;ATP;469;304;1467.9;274;1451.2;392;1344.0;378;1394.5
Lorenzo Giustino;ATP;210;305;1467.3;277;1446.6;290;1429.6;495;1329.7
Stefano Napolitano;ATP;279;306;1465.5;301;1421.2;260;1455.1;284;1437.7
Federico Bondioli;ATP;324;307;1465.3;466;1285.7;269;1449.2;380;1393.9
Zdenek Kolar;ATP;189;308;1465.0;317;1407.7;272;1445.6;349;1408.9
Jay Clarke;ATP;236;309;1464.7;307;1415.6;277;1440.0;460;1349.1
Moise Kouame;ATP;194;310;1463.2;283;1439.0;379;1352.1;295;1431.6
Yasutaka Uchiyama;ATP;520;311;1462.8;294;1430.7;387;1347.5;333;1417.4
Oliver Crawford;ATP;300;312;1461.9;278;1446.3;340;1382.1;259;1450.2
Juan Manuel La Serna;ATP;280;313;1461.8;366;1371.4;270;1446.9;298;1430.9
Duje Ajdukovic;ATP;348;314;1461.2;269;1452.5;284;1433.3;468;1344.5
Spencer Johnson;ATP;437;315;1461.2;291;1433.5;395;1340.6;299;1430.6
Benjamin Hassan;ATP;491;316;1460.5;319;1407.2;266;1452.5;307;1427.0
Max Schoenhaus;ATP;288;317;1460.1;358;1376.4;265;1453.0;412;1379.1
Christoph Negritu;ATP;592;318;1458.7;299;1423.4;294;1428.7;304;1429.3
Raul Brancaccio;ATP;227;319;1458.6;332;1399.0;281;1436.6;414;1378.4
Felix Gill;ATP;217;320;1457.9;273;1451.2;309;1412.7;385;1391.6
Javier Barranco Cosano;ATP;571;321;1457.6;331;1399.0;276;1440.5;291;1432.8
Dimitar Kuzmanov;ATP;361;322;1457.0;286;1436.6;306;1415.3;316;1423.4
Mitchell Krueger;ATP;381;323;1455.2;295;1426.9;297;1424.4;323;1420.8
Fajing Sun;ATP;299;324;1453.6;292;1431.2;492;1257.2;356;1405.7
Mats Rosenkranz;ATP;473;325;1453.5;298;1424.3;428;1320.2;367;1398.4
Dali Blanch;ATP;318;326;1453.0;505;1243.6;278;1438.0;309;1426.5
Calvin Hemery;ATP;304;327;1452.2;341;1393.8;274;1444.4;415;1378.3
Keegan Rice;ATP;581;328;1452.0;293;1431.1;403;1336.0;310;1426.0
Andrej Martin;ATP;380;329;1451.8;375;1363.7;295;1425.2;480;1338.2
Guido Ivan Justo;ATP;239;330;1449.3;444;1305.9;282;1436.5;314;1424.7
Genaro Alberto Olivieri;ATP;291;331;1449.2;402;1341.1;296;1424.6;499;1325.0
David Jorda Sanchis;ATP;212;332;1449.2;435;1315.7;254;1459.8;400;1385.7
Martin Krumich;ATP;254;333;1448.8;384;1355.3;299;1422.6;315;1424.4
Frederico Ferreira Silva;ATP;258;334;1448.0;260;1463.5;328;1392.5;319;1422.4
Hamish Stewart;ATP;400;335;1448.0;313;1412.3;404;1334.0;257;1451.6
James Mccabe;ATP;253;336;1447.3;324;1404.2;469;1282.2;243;1458.1
Marko Topo;ATP;327;337;1447.1;257;1465.2;323;1400.5;292;1432.8
Daniel Milavsky;ATP;316;338;1446.1;326;1402.6;437;1316.2;261;1448.9
Gianluca Cadenasso;ATP;;339;1444.6;418;1332.3;300;1421.4;384;1391.8
Nicolas Kicker;ATP;345;340;1442.8;361;1374.3;289;1430.0;428;1370.9
Keegan Smith;ATP;199;341;1442.4;330;1399.6;350;1377.0;331;1418.1
Oriol Roca Batalla;ATP;308;342;1442.1;360;1376.0;305;1418.4;409;1382.2
Matias Soto;ATP;248;343;1441.8;417;1332.8;292;1429.2;322;1420.9
Johannus Monday;ATP;296;344;1441.6;314;1412.3;410;1330.8;370;1397.8
Laurent Lokoli;ATP;385;345;1440.9;339;1394.4;279;1437.1;254;1453.8
Beibit Zhukayev;ATP;495;346;1440.8;345;1389.8;355;1371.3;193;1502.4
Hayato Matsuoka;ATP;243;347;1440.7;312;1413.8;411;1330.3;361;1402.8
Paul Inchauspe;ATP;587;348;1439.0;300;1421.7;413;1329.5;327;1419.5
Lilian Marmousez;ATP;532;349;1438.3;347;1389.6;308;1412.7;329;1419.2
Radu Albot;ATP;464;350;1438.2;311;1415.0;291;1429.5;208;1488.0
Buvaysar Gadamauri;ATP;265;351;1437.9;325;1403.7;325;1398.6;330;1418.9
Anton Matusevich;ATP;313;352;1437.3;320;1407.2;354;1372.1;416;1378.2
Yu Hsiou Hsu;ATP;295;353;1435.8;306;1415.9;344;1380.4;496;1329.2
Nick Hardt;ATP;275;354;1435.2;338;1394.6;301;1421.0;328;1419.3
Yi Zhou;ATP;273;355;1435.1;318;1407.6;463;1288.4;235;1463.7
Marc Polmans;ATP;424;356;1434.9;329;1399.8;327;1393.0;252;1455.2
Felipe Meligeni Alves;ATP;463;357;1434.9;365;1371.6;275;1443.7;256;1451.8
Franco Roncadelli;ATP;259;358;1434.3;408;1335.5;287;1430.8;422;1374.1
Pedro Boscardin Dias;ATP;262;359;1433.0;501;1248.8;314;1409.0;368;1398.4
Miguel Damas;ATP;342;360;1432.9;394;1346.2;320;1403.8;334;1416.4
Aidan Mayo;ATP;356;361;1432.4;316;1410.3;399;1339.0;320;1422.4
Jason Jung;ATP;904;362;1431.5;337;1394.9;364;1364.3;296;1431.6
Petr Nesterov;ATP;301;363;1431.0;304;1418.0;321;1403.3;337;1415.5
Yanki Erel;ATP;331;364;1430.6;308;1415.4;454;1301.5;369;1398.0
Jamie Mackenzie;ATP;603;365;1429.4;421;1331.4;293;1429.1;420;1375.0
Florian Broska;ATP;326;366;1427.4;377;1362.3;332;1389.2;339;1413.7
Enrico Dalla Valle;ATP;320;367;1426.8;372;1367.5;318;1404.1;340;1413.4
Henry Bernet;ATP;483;368;1426.0;400;1343.0;313;1409.6;341;1413.0
Andrea Collarini;ATP;416;369;1426.0;428;1322.1;311;1410.9;488;1333.4
Valerio Aboian;ATP;341;370;1425.9;473;1272.8;312;1410.6;342;1412.9
Mathys Erhard;ATP;367;371;1423.4;333;1398.7;347;1377.6;344;1411.7
Joaquin  Aguilar Cardozo;ATP;;372;1422.4;363;1373.0;302;1420.1;240;1461.2
Tommaso Compagnucci;ATP;366;373;1422.4;484;1267.7;315;1406.7;345;1411.2
Philip Henning;ATP;266;374;1420.1;296;1426.4;363;1364.4;242;1460.0
Duncan Chan;ATP;489;375;1419.2;355;1378.4;430;1319.6;346;1409.6
Yuta Shimizu;ATP;395;376;1418.4;344;1390.1;459;1295.2;335;1415.8
Blake Ellis;ATP;456;377;1418.3;340;1394.3;431;1319.2;348;1409.2
Ivan Gakhov;ATP;446;378;1417.7;353;1380.4;353;1372.4;410;1380.4
Paul Jubb;ATP;451;379;1417.1;348;1385.2;405;1333.7;267;1444.5
Georgii Kravchenko;ATP;309;380;1414.4;336;1395.2;367;1359.5;352;1407.2
Eliakim Coulibaly;ATP;378;381;1414.2;303;1419.3;382;1350.9;353;1407.1
Hady Habib;ATP;779;382;1411.6;374;1364.1;283;1435.4;297;1431.0
Jonas Forejtek;ATP;337;383;1411.6;396;1345.3;329;1391.7;388;1388.8
Luca Potenza;ATP;536;384;1411.5;351;1382.6;409;1331.8;355;1405.8
Justin Engel;ATP;434;385;1411.4;315;1410.5;433;1317.8;288;1434.8
Alan Magadan;ATP;514;386;1411.3;342;1392.7;373;1356.0;357;1405.6
Kasidit Samrej;ATP;389;387;1410.6;349;1383.5;304;1419.5;251;1455.3
Tibo Colson;ATP;516;388;1408.7;387;1351.6;377;1352.5;359;1404.4
Francesco Forti;ATP;330;389;1408.7;424;1328.7;334;1388.5;358;1404.4
Philip Sekulic;ATP;357;390;1408.2;350;1383.2;467;1282.9;437;1366.0
Ryan Peniston;ATP;540;391;1407.6;371;1368.6;397;1339.8;317;1423.2
Carlos Sanchez Jover;ATP;328;392;1402.9;475;1271.7;338;1384.0;362;1401.5
Alexander Donski;ATP;518;393;1402.3;287;1435.4;420;1324.4;258;1451.1
Juan Bautista Torres;ATP;276;394;1401.9;449;1303.0;342;1381.8;363;1400.9
Stefan Kozlov;ATP;294;395;1400.8;369;1370.7;339;1383.1;364;1400.2
Michele Ribecai;ATP;277;396;1399.8;357;1376.7;424;1321.5;365;1399.9
Thomas Faurel;ATP;325;397;1397.1;386;1352.1;369;1358.3;366;1398.5
Antoine Ghibaudo;ATP;397;398;1397.0;382;1356.3;336;1386.8;379;1394.5
Hernan Casanova;ATP;407;399;1395.4;488;1264.0;341;1382.0;436;1366.9
Sandro Kopp;ATP;310;400;1394.9;442;1307.8;351;1377.0;371;1397.5
Daniel Michalski;ATP;282;401;1393.3;323;1405.0;378;1352.1;264;1446.6
Milos Karol;ATP;576;402;1393.1;415;1333.2;362;1365.7;374;1396.6
Tung Lin Wu;ATP;358;403;1392.7;379;1362.1;307;1414.5;450;1355.8
Kenta Miyoshi;ATP;442;404;1392.4;367;1371.4;449;1306.2;376;1396.2
Adrian Andreev;ATP;604;405;1392.3;397;1345.0;331;1390.5;484;1336.2
Alex Martinez;ATP;390;406;1391.9;409;1335.5;326;1396.6;377;1395.9
James Trotter;ATP;462;407;1390.5;376;1363.0;390;1344.5;424;1373.0
Gonzalo Villanueva;ATP;329;408;1387.4;469;1279.3;352;1373.5;381;1393.7
Petr Brunclik;ATP;352;409;1386.7;346;1389.8;415;1329.3;382;1393.4
Rudolf Molleker;ATP;535;410;1385.9;404;1340.3;349;1377.2;440;1362.2
Edward Winter;ATP;343;411;1384.5;389;1350.8;453;1302.2;325;1419.8
Petr Bar Biryukov;ATP;281;412;1383.7;352;1382.2;444;1310.0;457;1352.0
Matteo Martineau;ATP;267;413;1383.0;356;1376.9;447;1307.5;423;1373.8
Andres Martin;ATP;333;414;1382.8;364;1371.8;416;1329.0;275;1441.4
Eero Vasa;ATP;457;415;1381.5;419;1332.3;358;1367.5;276;1440.7
Tom Paris;ATP;669;416;1377.4;383;1355.9;436;1316.7;389;1388.7
Andres Santamarta Roig;ATP;771;417;1377.0;454;1298.5;374;1355.0;390;1388.5
Alejo Sanchez Quilez;ATP;370;418;1376.9;368;1370.8;456;1297.3;391;1388.5
Tiago Torres;ATP;359;419;1375.7;425;1327.2;388;1345.2;392;1387.9
Karim Bennani;ATP;429;420;1374.8;362;1373.2;419;1326.6;395;1387.4
Akira Santillan;ATP;317;421;1373.5;385;1353.4;427;1320.3;463;1345.4
Olle Wallin;ATP;415;422;1371.9;438;1312.2;380;1351.1;398;1385.9
Alfredo Perez;ATP;943;423;1371.6;414;1333.4;345;1379.7;399;1385.8
Juan Cruz Martin Manzano;ATP;426;424;1371.3;456;1295.6;371;1356.8;401;1385.6
Filip Cristian Jianu;ATP;285;425;1369.9;455;1296.8;389;1344.9;482;1337.7
Mert Alkaya;ATP;312;426;1369.0;401;1341.8;417;1328.9;386;1391.3
Stefan Palosi;ATP;503;427;1368.3;458;1294.1;381;1351.1;406;1384.1
Luis Guto Miguel;ATP;661;428;1368.2;407;1335.6;396;1340.2;407;1384.1
Dmitry Popko;ATP;545;429;1367.7;343;1390.9;435;1317.2;517;1314.1
Gabriele Piraino;ATP;386;430;1367.6;494;1258.8;368;1358.5;408;1383.8
Franco Agamenone;ATP;375;431;1364.8;451;1302.1;394;1342.2;521;1311.4
Florent Bax;ATP;298;432;1362.4;395;1345.8;391;1344.2;448;1358.7
Ognjen Milic;ATP;369;433;1361.2;327;1401.4;446;1309.3;300;1430.6
Johan Nikles;ATP;391;434;1359.7;459;1293.5;386;1347.8;411;1379.8
Luciano Emanuel Ambrogi;ATP;321;435;1358.1;519;1226.6;384;1349.9;413;1379.0
Marek Gengel;ATP;410;436;1357.3;420;1332.0;515;1226.8;479;1338.3
Gilles Arnaud Bailly;ATP;332;437;1356.9;354;1379.4;414;1329.4;403;1384.4
Ivan Marrero Curbelo;ATP;365;438;1355.8;445;1305.9;375;1354.4;417;1377.9
Jie Cui;ATP;458;439;1355.0;422;1330.7;513;1229.7;418;1377.5
Dan Added;ATP;384;440;1354.1;410;1335.0;494;1253.4;471;1342.9
Alex Rybakov;ATP;713;441;1352.1;434;1315.8;441;1310.7;372;1397.2
Ioannis Xilas;ATP;427;442;1351.7;399;1343.8;385;1348.4;311;1425.8
Federico Iannaccone;ATP;578;443;1351.4;437;1312.7;421;1324.1;419;1375.7
Federico Arnaboldi;ATP;476;444;1351.2;439;1311.5;434;1317.3;465;1345.1
Michael Geerts;ATP;344;445;1349.1;393;1346.3;452;1302.3;512;1318.2
Justin Boulais;ATP;411;446;1348.5;429;1321.9;466;1284.2;421;1374.2
Khumoun Sultanov;ATP;;447;1347.3;412;1333.7;493;1254.9;404;1384.3
Geoffrey Blancaneaux;ATP;441;448;1345.0;392;1349.7;412;1330.3;530;1300.5
Niels Visker;ATP;418;449;1344.9;388;1351.6;458;1295.9;462;1348.5
Gabi Adrian Boitan;ATP;508;450;1342.5;436;1314.0;400;1337.9;321;1421.3
Cannon Kingsley;ATP;541;451;1342.3;398;1344.5;485;1262.4;427;1371.1
Gerard Campana Lee;ATP;515;452;1342.3;430;1319.2;451;1304.7;426;1371.2
Izan Almazan Valiente;ATP;422;453;1340.8;464;1287.0;423;1322.2;429;1370.4
Lucio Ratti;ATP;383;454;1340.1;470;1278.1;418;1327.8;430;1370.0
Enzo Aguiard;ATP;438;455;1338.8;426;1327.1;471;1279.4;431;1369.4
Robin Bertrand;ATP;387;456;1338.7;405;1337.7;512;1230.5;432;1369.3
Juan Pablo Ficovich;ATP;360;457;1334.3;433;1315.9;398;1339.6;500;1324.5
Niels Mcdonald;ATP;492;458;1334.1;510;1238.4;425;1320.5;435;1367.1
Hiroki Moriya;ATP;500;459;1333.6;450;1302.2;500;1245.3;469;1344.0
Lui Maxted;ATP;;460;1333.4;440;1310.7;473;1276.7;397;1386.3
Santiago Fa Rodriguez Taverna;ATP;454;461;1333.2;463;1287.4;422;1323.1;454;1353.4
Murkel Alejandro Dellien Velasco;ATP;403;462;1331.4;413;1333.6;426;1320.5;467;1344.6
Corentin Denolly;ATP;472;463;1331.3;476;1271.4;461;1292.5;456;1352.3
Oleksii Krutykh;ATP;449;464;1330.3;406;1336.9;443;1310.1;489;1332.8
Conner Huertas Del Pino;ATP;629;465;1329.3;443;1307.1;442;1310.7;439;1364.6
Alvaro Guillen Meza;ATP;323;466;1326.8;536;1175.6;439;1314.4;470;1343.4
Denis Yevseyev;ATP;466;467;1324.5;423;1330.6;457;1296.5;425;1372.1
Sergey Fomin;ATP;289;468;1323.6;461;1290.3;393;1342.6;441;1361.8
Garrett Johns;ATP;433;469;1323.2;448;1304.1;465;1284.6;444;1360.4
Filippo Romano;ATP;307;470;1322.3;309;1415.3;502;1244.7;452;1354.2
Alexandr Binda;ATP;493;471;1321.8;467;1283.3;429;1319.7;442;1360.9
Arthur Weber;ATP;405;472;1321.1;460;1292.2;476;1270.6;443;1360.6
Eduardo Ribeiro;ATP;340;473;1320.6;509;1238.7;448;1306.4;445;1360.3
Alexander Vasilev;ATP;605;474;1320.5;478;1270.2;472;1277.4;446;1360.2
Tyler Zink;ATP;338;475;1318.4;462;1290.1;480;1267.3;464;1345.2
Viktor Durasovic;ATP;465;476;1317.4;431;1317.5;486;1261.9;528;1302.4
Manas Dhamne;ATP;399;477;1316.2;453;1299.8;432;1317.9;351;1408.1
Alastair Gray;ATP;287;478;1316.2;471;1278.0;479;1268.1;447;1359.6
Pierluigi Basile;ATP;542;479;1313.6;528;1209.4;440;1311.5;449;1356.8
Jelle Sels;ATP;573;480;1312.5;416;1333.0;468;1282.7;553;1252.5
Miguel Tobon;ATP;499;481;1310.1;465;1285.9;455;1299.9;438;1366.0
Iliyan Radulov;ATP;568;482;1309.9;506;1243.3;445;1309.5;451;1355.0
Neil Oberleitner;ATP;738;483;1307.7;472;1273.3;481;1265.9;453;1353.9
Daniel Dutra Da Silva;ATP;484;484;1307.0;518;1232.2;470;1282.2;477;1339.6
Sasi Kumar Mukund;ATP;715;485;1305.7;468;1281.1;504;1241.0;513;1316.2
Oleg Prihodko;ATP;452;486;1305.3;381;1358.2;498;1247.6;455;1352.6
Olukayode Alafia Damina Ayeni;ATP;443;487;1305.2;447;1305.3;526;1203.6;522;1308.9
Sergio Callejon Hernando;ATP;513;488;1303.5;477;1270.4;460;1293.4;458;1351.8
Dan Martin;ATP;640;489;1301.7;492;1259.9;477;1269.0;503;1323.0
Mitsuki Wei Kang Leong;ATP;419;490;1301.6;457;1294.2;488;1260.8;516;1315.5
Maximus Jones;ATP;487;491;1297.5;481;1269.1;462;1291.2;461;1348.8
Omar Jasika;ATP;428;492;1292.9;479;1269.8;503;1243.4;555;1241.0
Bor Artnak;ATP;507;493;1292.7;491;1260.7;401;1337.5;375;1396.3
Maxime Chazal;ATP;420;494;1289.6;512;1236.3;490;1257.6;466;1344.8
Luca Castelnuovo;ATP;447;495;1285.7;487;1265.9;521;1217.3;490;1332.8
Tiago Pereira;ATP;339;496;1284.2;490;1261.8;489;1257.9;524;1308.3
Samuele Pieri;ATP;398;497;1283.8;499;1251.9;482;1264.8;472;1341.9
Masamichi Imamura;ATP;408;498;1283.2;496;1256.5;495;1251.6;473;1341.6
Semen Pankin;ATP;425;499;1283.1;482;1268.0;496;1251.5;474;1341.5
Svyatoslav Gulin;ATP;565;500;1280.5;503;1244.7;483;1264.8;476;1340.2
Kaichi Uchida;ATP;379;501;1279.9;493;1259.0;487;1261.2;523;1308.5
Max Wiskandt;ATP;382;502;1278.5;515;1234.0;474;1271.2;519;1312.0
Mika Petkovic;ATP;431;503;1277.8;529;1207.2;475;1271.0;478;1338.9
Blaise Bicknell;ATP;414;504;1275.8;502;1247.3;478;1268.6;393;1387.9
Ivan Ivanov;ATP;485;505;1273.7;485;1266.8;536;1179.1;492;1332.7
Naoya Honda;ATP;601;506;1273.2;480;1269.3;518;1219.9;483;1336.6
Maxime Janvier;ATP;633;507;1271.8;497;1256.3;497;1248.1;527;1304.8
Juan Alejandro Hernandez Serrano;ATP;477;508;1269.2;489;1263.1;523;1215.1;485;1334.6
Pietro Fellin;ATP;638;509;1268.1;498;1252.3;524;1213.4;486;1334.1
Yusuke Takahashi;ATP;723;510;1267.7;507;1243.3;484;1262.5;487;1333.9
Karl Poling;ATP;453;511;1267.3;483;1268.0;530;1193.2;534;1292.0
Raphael Perot;ATP;297;512;1265.6;500;1249.4;509;1233.3;491;1332.8
Robert Strombachs;ATP;421;513;1264.8;474;1272.4;519;1219.3;493;1332.4
Koki Matsuda;ATP;475;514;1260.0;508;1240.0;505;1240.0;494;1330.0
Saba Purtseladze;ATP;574;515;1257.8;495;1258.1;532;1188.4;525;1307.0
Arda Azkara;ATP;821;516;1257.2;511;1238.1;506;1238.6;518;1312.2
Carl Emil Overbeck;ATP;290;517;1255.5;513;1236.2;507;1237.7;497;1327.7
Christian Langmo;ATP;524;518;1254.4;517;1233.5;551;1134.7;498;1327.2
Patrick Zahraj;ATP;510;519;1250.9;486;1266.7;531;1188.9;508;1320.7
Massimo Giunta;ATP;388;520;1248.6;530;1205.5;501;1244.8;501;1324.3
Juan Estevez;ATP;354;521;1247.4;516;1233.7;508;1236.5;502;1323.7
Filip Peliwo;ATP;674;522;1245.3;522;1222.6;491;1257.4;540;1286.5
Pedro Sakamoto;ATP;526;523;1244.8;514;1236.2;514;1228.9;504;1322.4
Mateus Alves;ATP;417;524;1244.5;548;1146.2;499;1246.9;505;1322.3
San Hui Sin;ATP;623;525;1241.9;524;1220.2;510;1231.0;506;1321.0
Sean Cuenin;ATP;305;526;1241.6;504;1244.2;525;1212.7;507;1320.8
Tai Sach;ATP;504;527;1241.2;526;1215.8;511;1230.6;509;1320.6
Constantin Bittoun Kouzmine;ATP;450;528;1238.6;523;1222.0;533;1187.0;510;1319.3
Vadym Ursu;ATP;401;529;1238.0;525;1216.9;539;1175.2;531;1297.9
Andrew Fenty;ATP;467;530;1237.4;527;1209.5;522;1216.9;511;1318.7
Ryan Nijboer;ATP;412;531;1232.4;531;1203.1;517;1221.1;514;1316.2
Aryan Shah;ATP;961;532;1231.9;521;1224.1;516;1224.4;515;1315.9
Renta Tokuda;ATP;794;533;1223.7;533;1196.6;541;1173.1;520;1311.8
Tomasz Berkieta;ATP;646;534;1211.6;520;1225.4;543;1167.5;526;1305.8
Joao Eduardo Schiessl;ATP;512;535;1201.5;538;1173.9;527;1203.0;529;1300.7
Lorenzo Joaquin Rodriguez;ATP;538;536;1187.6;540;1170.0;537;1178.4;532;1293.8
Moerani Bouzige;ATP;471;537;1185.2;546;1155.0;528;1202.6;533;1292.6
Kokoro Isomura;ATP;649;538;1181.8;547;1152.7;529;1200.9;535;1290.9
Ryan Dickerson;ATP;695;539;1180.8;539;1173.8;534;1186.9;536;1290.4
Juan Sebastian Gomez;ATP;602;540;1180.6;534;1181.2;542;1168.0;537;1290.3
Carlos Maria Zarate;ATP;347;541;1178.9;532;1201.7;544;1166.8;538;1289.4
Dominik Palan;ATP;622;542;1176.6;543;1157.7;538;1176.5;539;1288.3
Sidharth Rawat;ATP;658;543;1169.3;550;1139.4;535;1184.6;541;1284.7
Matthew Dellavedova;ATP;278;544;1167.8;545;1155.7;548;1147.1;542;1283.9
Paulo Andre Saraiva Dos Santos;ATP;435;545;1167.1;537;1175.3;547;1150.3;543;1283.6
Jake Delaney;ATP;350;546;1161.9;549;1144.7;545;1161.1;544;1281.0
Sebastian Gima;ATP;580;547;1151.0;551;1129.2;546;1151.4;545;1275.5
Lorenzo Carboni;ATP;566;548;1138.3;554;1112.3;550;1135.0;547;1269.2
Samuel Heredia;ATP;655;549;1137.8;544;1156.9;552;1134.3;548;1268.9
Nicolas Villalon;ATP;708;550;1135.4;535;1177.7;553;1127.6;549;1267.7
Takuya Kumasaka;ATP;608;551;1130.2;553;1115.3;540;1175.1;550;1265.1
Tristan Mccormick;ATP;709;552;1125.6;552;1118.6;554;1124.5;556;1232.3
Bruno Fernandez;ATP;597;553;1120.1;541;1170.0;555;1107.9;551;1260.0
Karan Singh;ATP;486;554;1114.9;555;1073.1;520;1218.2;552;1257.4
Maximo Zeitune;ATP;558;555;1103.5;542;1161.7;557;1092.2;554;1251.7
Digvijaypratap Singh;ATP;552;556;1064.4;557;1041.9;549;1143.5;557;1232.2
Aziz Ouakaa;ATP;527;557;1050.2;556;1066.0;556;1094.3;546;1275.1
