Alias;Player;Tour;WordCount
Blanch D.;Dali Blanch;ATP;2
Blanch D.;Darwin Blanch;ATP;2
Delaney J.;Jake Delaney;ATP;2
Delaney J.;Jesse Delaney;ATP;2
Jeong Y.;Yeongseok Jeong;ATP;2
Jeong Y.;Yeonsu Jeong;ATP;2
Jones M.;Maximus Jones;ATP;2
Jones M.;Miles Jones;ATP;2
Kang K.;Kaigaoge Kang;ATP;2
Kang K.;Kyle Kang;ATP;2
Lee J.;Jordan Lee;ATP;2
Lee J.;Junhyeon Lee;ATP;2
Martin A.;Andrej Martin;ATP;2
Martin A.;Andres Martin;ATP;2
Mikovic M.;Mak Mikovic;ATP;2
Mikovic M.;Milos Mikovic;ATP;2
Nakashima B.;Brandon Nakashima;ATP;2
Nakashima B.;Bryce Nakashima;ATP;2
Perez B.;Benjamin Perez;ATP;2
Perez B.;Brandon Perez;ATP;2
Petrovic D.;David Petrovic;ATP;2
Petrovic D.;Drazen Petrovic;ATP;2
Popovic S.;Stefan Popovic;ATP;2
Popovic S.;Stevan Popovic;ATP;2
Salazar A.;Agustin Salazar;ATP;2
Salazar A.;Amador Salazar;ATP;2
Suresh D.;Darrshan Suresh;ATP;2
Suresh D.;Dhakshineswar Suresh;ATP;2
Tsitsipas P.;Pavlos Tsitsipas;ATP;2
Tsitsipas P.;Petros Tsitsipas;ATP;2
Alame R.;Renee Alame;WTA;2
Alame R.;Rianna Alame;WTA;2
Fernandez L.;Leylah Fernandez;WTA;2
Fernandez L.;Lya Fernandez;WTA;2
Jang G.;Gaeul Jang;WTA;2
Jang G.;Gio Jang;WTA;2
Jing Lu J.;Jia Jing Lu;WTA;3
Jing Lu J.;Jing Jing Lu;WTA;3
Lee E.;Eunhye Lee;WTA;2
Lee E.;Eunji Lee;WTA;2
Lu J. J.;Jia Jing Lu;WTA;3
Lu J. J.;Jing Jing Lu;WTA;3
Markus C.;Camila Markus;WTA;2
Markus C.;Carla Markus;WTA;2
Mdlulwa W.;Warona Mdlulwa;WTA;2
Mdlulwa W.;Wozuko Mdlulwa;WTA;2
Mushika M.;Mao Mushika;WTA;2
Mushika M.;Mio Mushika;WTA;2
Naito Y.;Yuka Naito;WTA;2
Naito Y.;Yuki Naito;WTA;2
Petkovic A.;Ana Petkovic;WTA;2
Petkovic A.;Anna Petkovic;WTA;2
Sato H.;Hikaru Sato;WTA;2
Sato H.;Himari Sato;WTA;2
Smith A.;Alana Smith;WTA;2
Smith A.;Alicia Smith;WTA;2
Wang J.;Jiaqi Wang;WTA;2
Wang J.;Jiayi Wang;WTA;2
Wang Y.;Yafan Wang;WTA;2
Wang Y.;Yuhan Wang;WTA;2
