DateLabel;Tour;Tournament;Surface;Time;Player 1;Player 2
Today;ATP;Beijing (China);hard;FINISHED;De Minaur A.;Navone M.
Today;ATP;Beijing (China);hard;FINISHED;Molcan A.;Machac T.
Today;ATP;Beijing (China);hard;FINISHED;Van De Zandschulp B.;Cerundolo F.
Today;ATP;Beijing (China);hard;FINISHED;Buse I.;Halys Q.
Today;ATP;Beijing (China);hard;FINISHED;Safiullin R.;Cobolli F.
Today;ATP;Beijing (China);hard;SET 3;Shang J.;Baez S.
Today;ATP;Beijing (China);hard;FINISHED;Zverev A.;Norrie C.
Today;ATP;Beijing (China);hard;SET 1;Griekspoor T.;Rublev A.
Today;ATP;Beijing (China);hard;13:15;Tien L.;Hurkacz H.
Today;ATP;Beijing (China);hard;14:35;Bublik A.;Mensik J.
Today;ATP;Tokyo (Japan);hard;FINISHED;Faria J.;Fery A.
Today;ATP;Tokyo (Japan);hard;FINISHED;Darderi L.;Ruud C.
Today;ATP;Tokyo (Japan);hard;FINISHED;Fritz T.;Munar J.
Today;ATP;Tokyo (Japan);hard;FINISHED;Nakashima B.;Humbert U.
Today;ATP;Tokyo (Japan);hard;FINISHED;Etcheverry T. M.;Tsitsipas S.
Today;ATP;Tokyo (Japan);hard;FINISHED;Rune H.;Jacquet K.
Today;ATP;Tokyo (Japan);hard;FINISHED;Lehecka J.;Bergs Z.
Today;ATP;Tokyo (Japan);hard;FINISHED;Nishikori K.;Tiafoe F.
Today;ATP;Tokyo (Japan);hard;SET 3;Alcaraz C.;Michelsen A.
Today;ATP;Tokyo (Japan);hard;FINISHED;Shapovalov D.;Shimabukuro S.
Today;ATP;Tokyo (Japan);hard;SET 1;Davidovich Fokina A.;Berrettini M.
Today;ATP;Tokyo (Japan);hard;12:30;Vallejo D.;Jodar R.
Today;WTA;Beijing (China);hard;FINISHED;Kenin S.;Krueger A.
Today;WTA;Beijing (China);hard;FINISHED;Starodubtseva Y.;Charaeva A.
Today;WTA;Beijing (China);hard;FINISHED;Volynets K.;Montgomery R.
Today;WTA;Beijing (China);hard;FINISHED;Zheng Q.;Shi H.
Today;WTA;Beijing (China);hard;FINISHED;Kartal S.;Lazaro Garcia A.
Today;WTA;Beijing (China);hard;FINISHED;Badosa P.;Kasatkina D.
Today;WTA;Beijing (China);hard;FINISHED;Ito A.;Birrell K.
Today;WTA;Beijing (China);hard;FINISHED;Linette M.;Siniakova K.
Today;WTA;Beijing (China);hard;FINISHED;Lin Y. J.;Hunter S.
Today;WTA;Beijing (China);hard;FINISHED;Bassols M.;Rakhimova K.
Today;WTA;Beijing (China);hard;SET 2;Dart H.;Qu Y.
Today;WTA;Beijing (China);hard;FINISHED;Shao Y.;Zakharova A.
Today;WTA;Beijing (China);hard;SET 1;Parks A.;Zhu L.
Today;WTA;Beijing (China);hard;12:15;Tararudee L.;Osorio C.
Today;WTA;Beijing (China);hard;13:05;Lys E.;Sun X.
Today;WTA;Beijing (China);hard;13:15;Gao X.;Udvardy P.
Today;ATP;Bari (Italy);clay;SET 1;Giunta M.;Taberner C.
Today;ATP;Bari (Italy);clay;SET 1;Lokoli L.;Pieri S.
Today;ATP;Bari (Italy);clay;13:00;Giustino L.;Donald M.
Today;ATP;Bari (Italy);clay;16:30;Basile P.;Krumich M.
Today;ATP;Columbus (USA);hard;17:00;Nakashima B.;Smith K.
Today;ATP;Columbus (USA);hard;18:30;Mayo A.;Smith C.
Today;ATP;Columbus (USA);hard;18:30;Shelbayh A.;Ostapenkov D.
Today;ATP;Columbus (USA);hard;20:00;Kozlov S.;Krueger M.
Today;ATP;Curitiba (Brazil);clay;16:00;Alves M.;Villanueva G.
Today;ATP;Curitiba (Brazil);clay;17:30;Schiessl J. E.;Miguel L. A.
Today;ATP;Curitiba (Brazil);clay;19:00;Justo G. I.;Sakamoto P.
Today;ATP;Curitiba (Brazil);clay;20:30;Boscardin Dias P.;Olivieri G. A.
Today;ATP;Jingshan (China);hard;FINISHED;Walton A.;Bellucci M.
Today;ATP;Jingshan (China);hard;INTERRUPTED;Bolt A.;Zhu E.
Today;ATP;Jingshan (China);hard;FINISHED;Harris L.;Pavlovic L.
Today;ATP;Jingshan (China);hard;FINISHED;Bar Biryukov P.;Sweeny D.
Today;ATP;Jingshan (China);hard;FINISHED;Zheng M.;Erel Y.
Today;ATP;Jingshan (China);hard;INTERRUPTED;Ymer E.;Cina F.
Today;ATP;Jingshan (China);hard;08:45;Ilagan A.;Sharipov M.
Today;ATP;Jingshan (China);hard;INTERRUPTED;Shimizu Y.;Tomic B.
Today;ATP;Mouilleron-Le-Captif (France);hard;SET 2;Schwaerzler J. J.;Wendelken H.
Today;ATP;Mouilleron-Le-Captif (France);hard;12:30;Bernet H.;Stricker D.
Today;ATP;Mouilleron-Le-Captif (France);hard;14:00;Balshaw F.;Budkov Kjaer N.
Today;ATP;Mouilleron-Le-Captif (France);hard;16:00;Chidekh C.;Blanchet U.
Today;ATP;Mouilleron-Le-Captif (France);hard;19:00;Mayot H.;Schoolkate T.
Today;ATP;Porto (Portugal);hard;12:10;Marques G.;Jorda Sanchis D.
Today;ATP;Porto (Portugal);hard;12:10;Rincon D.;Djere L.
Today;ATP;Porto (Portugal);hard;12:10;Samuel T.;Kym J.
Today;ATP;Porto (Portugal);hard;13:30;Butvilas E.;Echargui M.
Today;ATP;Porto (Portugal);hard;13:30;Montes-De La Torre I.;Fearnley J.
Today;ATP;Porto (Portugal);hard;14:00;Poljicak M.;Rocha H.
Today;ATP;Porto (Portugal);hard;15:00;Holmgren A.;Guerrieri A.
Today;ATP;Porto (Portugal);hard;15:30;Pereira T.;Grenier H.
Today;WTA;Adana (Turkey);hard;12:30;Boisson L.;Blinkova A.
Today;WTA;Jingshan (China);hard;FINISHED;Ibragimova A.;Okamura K.
Today;WTA;Jingshan (China);hard;FINISHED;Lansere S.;Costoulas S.
Today;WTA;Jingshan (China);hard;FINISHED;Bouzas Maneiro J.;Wang Y.
Today;WTA;Jingshan (China);hard;SET 3;Falei A.;Sidorova K.
Today;WTA;W100 Templeton, CA (USA);hard;FINISHED;Chang H.;Stoiana M.
Today;WTA;W100 Templeton, CA (USA);hard;19:00;Maria T.;Ma L.
Today;WTA;W100 Templeton, CA (USA);hard;19:00;Osuigwe W.;McDonald E.
Today;WTA;W100 Templeton, CA (USA);hard;19:00;Rapolu M.;Urhobo A.
Today;WTA;W100 Templeton, CA (USA);hard;20:30;Kuhl C.;Penickova K.
Today;WTA;W100 Templeton, CA (USA);hard;20:30;Pace F.;Van Impe A.
Today;WTA;W100 Templeton, CA (USA);hard;20:30;Pareja J.;Stoiana M.
Today;WTA;W100 Templeton, CA (USA);hard;22:00;Brengle M.;Zucchini A.
Today;WTA;W35 Baza (Spain);hard;FINISHED;Brace C.;Rey Garcia A.
Today;WTA;W35 Baza (Spain);hard;FINISHED;Ryser V.;Vismane D.
Today;WTA;W35 Baza (Spain);hard;SET 1;Hietaranta L.;Hesse A.
Today;WTA;W35 Baza (Spain);hard;SET 1;Novak K.;Berecoechea N.
Today;WTA;W35 Baza (Spain);hard;14:00;Esquiva Banuls C.;Zelnickova R.
Today;WTA;W35 Baza (Spain);hard;14:00;Ivanov V.;Coromina Boluda A. M.
Today;WTA;W35 Baza (Spain);hard;15:30;Gallardo Guevara C.;Cervino Ruiz C.
Today;WTA;W35 Baza (Spain);hard;18:00;Giaccio J.;Lollia M.
Today;WTA;W35 Reims (France);hard;SET 2;Im H.;Van den Broek I. L.
Today;WTA;W35 Reims (France);hard;SET 2;Nahimana S.;Nesmianovych A.
Today;WTA;W35 Reims (France);hard;SET 1;Tran L.;Martynov D.
Today;WTA;W35 Reims (France);hard;12:10;Brockmann T. J.;Szostak M.
Today;WTA;W35 Reims (France);hard;12:10;Leonard M.;Vlasselaer C.
Today;WTA;W35 Reims (France);hard;12:10;Serban I. M.;Weckerle M.
Today;WTA;W35 Reims (France);hard;14:00;Veldman K.;Du Pree B.
Today;WTA;W35 Reims (France);hard;15:30;Djoubri S.;Monnot A.
Today;WTA;W35 Wagga Wagga (Australia);hard;FINISHED;Kikawada R.;Sato H.
Today;WTA;W35 Wagga Wagga (Australia);hard;FINISHED;Mushika Mio;Khan L.
Today;WTA;W35 Wagga Wagga (Australia);hard;FINISHED;Yuhan L.;Simes A.
Today;WTA;W35 Wagga Wagga (Australia);hard;FINISHED;Sato N.;Arakawa H.
Today;WTA;W35 Wagga Wagga (Australia);hard;FINISHED;Barry M.;Kitahara Y.
Today;WTA;W35 Wagga Wagga (Australia);hard;FINISHED;Hanatani N.;Onozawa N.
Today;WTA;W35 Wagga Wagga (Australia);hard;FINISHED;Kokkinis T.;Uemura M.
Today;WTA;W35 Wagga Wagga (Australia);hard;FINISHED;Sawashiro K.;Beck A.
Today;WTA;W75 Quinta do Lago (Portugal);hard;SET 1;Malygina E.;Swan K.
Today;WTA;W75 Quinta do Lago (Portugal);hard;SET 2;Nilsson L.;Bandecchi S.
Today;WTA;W75 Quinta do Lago (Portugal);hard;SET 2;Sebov K.;Rouvroy M.
Today;WTA;W75 Quinta do Lago (Portugal);hard;12:30;Jorge F.;Collins K.
Today;WTA;W75 Quinta do Lago (Portugal);hard;12:30;Klimovicova L.;Dudeney A.
Today;WTA;W75 Quinta do Lago (Portugal);hard;12:30;Pigato L.;Nagy A.
Today;WTA;W75 Quinta do Lago (Portugal);hard;14:00;Bains N.;Hercog P.
Today;WTA;W75 Quinta do Lago (Portugal);hard;14:00;Tan H.;Vedder E.
Day+1;ATP;Beijing (China);hard;04:00;De Minaur A.;Halys Q.
Day+1;ATP;Beijing (China);hard;04:00;Molcan A.;Khachanov K.
Day+1;ATP;Beijing (China);hard;09:00;Medvedev D.;Carreno-Busta P.
Day+1;ATP;Beijing (China);hard;14:30;Bu Y.;Djokovic N.
Day+1;ATP;Tokyo (Japan);hard;04:00;Munar J.;Faria J.
Day+1;ATP;Tokyo (Japan);hard;05:30;Vacherot V.;Tsitsipas S.
Day+1;ATP;Tokyo (Japan);hard;09:00;Jacquet K.;Darderi L.
Day+1;ATP;Tokyo (Japan);hard;10:30;Fils A.;Tiafoe F.
Day+1;WTA;Beijing (China);hard;05:00;Alexandrova E.;Sasnovich A.
Day+1;WTA;Beijing (China);hard;05:00;Bartunkova N.;Frech M.
Day+1;WTA;Beijing (China);hard;05:00;Bejlek S.;Inglis M.
Day+1;WTA;Beijing (China);hard;05:00;Bencic B.;Zakharova A.
Day+1;WTA;Beijing (China);hard;05:00;Bouzkova M.;Birrell K.
Day+1;WTA;Beijing (China);hard;05:00;Fruhvirtova L.;Samsonova L.
Day+1;WTA;Beijing (China);hard;05:00;Golubic V.;Stearns P.
Day+1;WTA;Beijing (China);hard;05:00;Kartal S.;Wang Xin.
Day+1;WTA;Beijing (China);hard;05:00;Krueger A.;Li A.
Day+1;WTA;Beijing (China);hard;05:00;Muchova K.;Boulter K.
Day+1;WTA;Beijing (China);hard;05:00;Ostapenko J.;Badosa P.
Day+1;WTA;Beijing (China);hard;05:00;Paolini J.;Snigur D.
Day+1;WTA;Beijing (China);hard;05:00;Potapova A.;Kraus S.
Day+1;WTA;Beijing (China);hard;05:00;Preston T.;Parry D.
Day+1;WTA;Beijing (China);hard;05:00;Rakhimova K.;Fernandez L.
Day+1;WTA;Beijing (China);hard;05:00;Rybakina E.;Charaeva A.
Day+1;WTA;Beijing (China);hard;05:00;Sakkari M.;Hunter S.
Day+1;WTA;Beijing (China);hard;05:00;Siniakova K.;Svitolina E.
Day+1;WTA;Beijing (China);hard;05:00;Tauson C.;Kudermetova P.
Day+1;WTA;Beijing (China);hard;05:00;Timofeeva M.;Osaka N.
Day+1;WTA;Beijing (China);hard;05:00;Tjen J.;Shnaider D.
Day+1;WTA;Beijing (China);hard;05:00;Volynets K.;Mertens E.
Day+1;WTA;Beijing (China);hard;05:00;Yastremska D.;Chwalinska M.
Day+1;WTA;Beijing (China);hard;05:00;Yuan Y.;Andreeva M.
Day+1;WTA;Beijing (China);hard;05:00;Zheng Q.;Kalinskaya A.
Day+1;WTA;Beijing (China);hard;06:30;Noskova L.;Ruse G.
Day+1;WTA;Beijing (China);hard;13:00;Zarazua R.;Sabalenka A.
Day+1;ATP;Bari (Italy);clay;10:00;Cadenasso G.;Sachko V.
Day+1;ATP;Bari (Italy);clay;10:00;Dalla Valle E.;Martin Manzano J. C.
Day+1;ATP;Columbus (USA);hard;17:00;Blanch Dar.;Dietrich D.
Day+1;ATP;Columbus (USA);hard;17:00;Rottgering M.;Andrade A.
Day+1;ATP;Curitiba (Brazil);clay;15:00;Heide G.;Midon L.
Day+1;ATP;Curitiba (Brazil);clay;15:00;Pucinelli de Almeida M.;Barrios Vera T.
Day+1;ATP;Mouilleron-Le-Captif (France);hard;13:00;Tabur C.;Gueymard Wayenburg S.
Day+1;WTA;Adana (Turkey);hard;10:00;Jeanjean L.;Stefanini L.
Day+1;WTA;Adana (Turkey);hard;10:00;Pridankina E.;Andreeva E.
Day+1;WTA;Adana (Turkey);hard;10:00;Ruzic A.;Kostovic T.
Day+1;WTA;Jingshan (China);hard;05:00;Bouzas Maneiro J.;Lansere S.
Day+1;WTA;Jingshan (China);hard;05:00;Okamura K.;Jones E.
Day+1;WTA;Jingshan (China);hard;05:00;Shubladze A.;Wei S.
Day+1;WTA;W100 Templeton, CA (USA);hard;03:00;Dolehide C.;Fakih K.
Day+1;WTA;W35 Wagga Wagga (Australia);hard;02:00;Mushika Mio;Kitahara Y.
Day+1;WTA;W35 Wagga Wagga (Australia);hard;02:00;Sato N.;Sato H.
Day+1;WTA;W35 Wagga Wagga (Australia);hard;02:00;Sawashiro K.;Hanatani N.
Day+1;WTA;W35 Wagga Wagga (Australia);hard;02:00;Uemura M.;Simes A.
