DateLabel;Tour;Tournament;Surface;Time;Player 1;Player 2;Reason;Detail
Today;WTA;Samsun (Turkey);hard;FINISHED;Egribel E.;Werner C.;player_1_not_in_aliases;Egribel E.
Today;ATP;M15+H Rodez (France);hard;FINISHED;Massard L.;Dhokia R.;player_2_not_in_aliases;Dhokia R.
Today;ATP;M15+H Rodez (France);hard;FINISHED;Eldin R.;Boutleux N.;player_1_not_in_aliases;Eldin R.
Today;ATP;M15+H Rodez (France);hard;FINISHED;Reco A.;Andres R.;player_2_not_in_aliases;Andres R.
Today;ATP;M15+H Rodez (France);hard;FINISHED;Barreira Bonzom V.;Baluska Y.;player_1_not_in_aliases;Barreira Bonzom V.
Today;WTA;W35 Lagos (Portugal);hard;FINISHED;Du Pree B.;Gibbs K.;player_2_not_in_aliases;Gibbs K.
Today;WTA;W35 Lagos (Portugal);hard;FINISHED;Hays G.;Bonardi B.;player_1_not_in_aliases;Hays G.
Today;WTA;W35 Lagos (Portugal);hard;FINISHED;Ivantsiv M.;Santos A.F.;player_2_not_in_aliases;Santos A.F.
Today;WTA;W35 Lagos (Portugal);hard;FINISHED;Amorim G.;Rey Garcia A.;player_1_not_in_aliases;Amorim G.
Today;WTA;W35 Las Vegas, NV 2 (USA);hard;FINISHED;Hejtmanek A.;Chang H.;player_1_not_in_aliases;Hejtmanek A.
Today;WTA;W35 Las Vegas, NV 2 (USA);hard;SET 1;Kha N.;Cherubini D.;player_1_not_in_aliases;Kha N.
Today;WTA;W35 Monastir 6 (Tunisia);hard;FINISHED;Lemaitre T.;Berezina P.;player_1_not_in_aliases;Lemaitre T.
Today;WTA;W35 Monastir 6 (Tunisia);hard;FINISHED;Tran D.;Krejcova T.;player_2_not_in_aliases;Krejcova T.
Today;WTA;W35 Monastir 6 (Tunisia);hard;FINISHED;Bhopal A.;Ewald W.;player_1_not_in_aliases;Bhopal A.
Today;WTA;W35 Santa Margherita di Pula 9 (Italy);clay;FINISHED;Price G.;Senic N.;player_1_not_in_aliases;Price G.
Today;WTA;W35 Santa Margherita di Pula 9 (Italy);clay;FINISHED;Gandolfi F.;Paoletti M.;player_2_not_in_aliases;Paoletti M.
Today;WTA;W35 Santa Margherita di Pula 9 (Italy);clay;FINISHED;Andrienko M.;Molaro N. A.;player_2_not_in_aliases;Molaro N. A.
Today;WTA;W35 Villeneuve d'Ascq (France);hard;FINISHED;Burchak A.;Steiner V.;player_1_not_in_aliases;Burchak A.
Today;WTA;W35 Villeneuve d'Ascq (France);hard;FINISHED;Carpentier N.;Dodin O.;player_1_not_in_aliases;Carpentier N.
Today;WTA;W35 Wagga Wagga 2 (Australia);hard;FINISHED;Stevens A.;Adams J.;player_1_not_in_rankings;Amy Stevens
Today;WTA;W35 Wagga Wagga 2 (Australia);hard;FINISHED;Onozawa N.;Sato H.;player_1_not_in_aliases;Onozawa N.
Today;WTA;W35 Wagga Wagga 2 (Australia);hard;FINISHED;Kaji H.;Kosaka R.;player_2_not_in_aliases;Kosaka R.
Today;WTA;W50 Burgas (Bulgaria);clay;FINISHED;Amariei I. D.;Ivanova N.;player_2_not_in_aliases;Ivanova N.
Today;WTA;W50 Burgas (Bulgaria);clay;FINISHED;Sobolieva A.;Krastenova G.;player_2_not_in_aliases;Krastenova G.
Today;WTA;W50 Heraklion 2 (Greece);clay;FINISHED;Schmidt L.;Serban R.;player_1_not_in_aliases;Schmidt L.
Today;WTA;W50 Lexington, SC (USA);hard;FINISHED;Bergkvist Larsson B.;Hu V.;player_1_not_in_aliases;Bergkvist Larsson B.
Today;WTA;W50 Lexington, SC (USA);hard;FINISHED;Buchwald H.;Carnicella K.;player_1_not_in_aliases;Buchwald H.
Today;WTA;W50 Lexington, SC (USA);hard;FINISHED;Dunyon J.;Capurro Taborda M.;player_1_not_in_aliases;Dunyon J.
Today;WTA;W50 Lexington, SC (USA);hard;SET 3;Brengle M.;Schaefbauer M.;player_2_not_in_aliases;Schaefbauer M.
Day+1;ATP;Antofagasta (Chile);clay;15:00;Aguilar Cardozo J.;Midon L.;player_1_not_in_rankings;Joaquin  Aguilar Cardozo
Day+1;WTA;Samsun (Turkey);hard;15:00;Werner C.;Blinkova A.;player_1_not_in_aliases;Werner C.
Day+1;ATP;M15+H Rodez (France);hard;10:30;Boutleux N.;Dalmasso G.;player_1_not_in_aliases;Boutleux N.
Day+1;WTA;W35 Lagos (Portugal);hard;11:30;Xu B.;Jialin T.;player_1_not_in_aliases;Xu B.
Day+1;WTA;W35 Monastir 6 (Tunisia);hard;10:30;Krejcova T.;Zoldakova D.;player_1_not_in_aliases;Krejcova T.
Day+1;WTA;W35 Monastir 6 (Tunisia);hard;12:00;Lemaitre T.;Tupitsyna E.;player_1_not_in_aliases;Lemaitre T.
Day+1;WTA;W35 Santa Margherita di Pula 9 (Italy);clay;09:30;Bennemann E.;Paoletti M.;player_2_not_in_aliases;Paoletti M.
Day+1;WTA;W35 Villeneuve d'Ascq (France);hard;15:00;Iliev S.;Burchak A.;player_2_not_in_aliases;Burchak A.
Day+1;WTA;W50 Lexington, SC (USA);hard;16:00;Bergkvist Larsson B.;Dunyon J.;player_1_not_in_aliases;Bergkvist Larsson B.
