Player;Tour;Rank;EloRank;Elo;HardEloRank;HardElo;ClayEloRank;ClayElo;GrassEloRank;GrassElo
Aryna Sabalenka;WTA;1;1;2220.0;1;2201.3;1;2103.1;1;1987.2
Elena Rybakina;WTA;2;2;2122.5;2;2110.0;5;2001.6;4;1883.7
Mirra Andreeva;WTA;5;3;2097.8;8;2005.8;2;2046.3;7;1827.3
Jessica Pegula;WTA;4;4;2096.6;3;2058.0;8;1941.4;3;1903.4
Iga Swiatek;WTA;3;5;2080.1;5;2029.9;4;2016.2;2;1935.8
Coco Gauff;WTA;7;6;2071.2;4;2034.7;3;2018.4;8;1822.8
Elina Svitolina;WTA;8;7;2067.1;9;1996.0;6;1993.1;6;1844.5
Marta Kostyuk;WTA;13;8;2056.7;10;1967.5;7;1992.1;27;1737.4
Karolina Muchova;WTA;11;9;2041.0;6;2021.5;11;1879.9;15;1774.2
Victoria Mboko;WTA;9;10;2006.4;7;2006.5;14;1856.3;38;1706.9
Linda Noskova;WTA;10;11;1996.5;12;1922.8;19;1822.2;5;1875.2
Belinda Bencic;WTA;12;12;1989.0;11;1952.3;17;1848.5;14;1790.9
Naomi Osaka;WTA;15;13;1972.4;14;1913.9;12;1878.6;26;1741.1
Madison Keys;WTA;27;14;1966.8;15;1909.9;9;1883.7;12;1793.2
Sorana Cirstea;WTA;18;15;1956.6;13;1914.5;15;1855.8;43;1688.7
Jasmine Paolini;WTA;14;16;1921.7;16;1880.8;13;1864.5;16;1770.3
Anna Kalinskaya;WTA;20;17;1915.0;18;1866.6;22;1808.4;33;1727.0
Amanda Anisimova;WTA;6;18;1913.6;17;1879.6;40;1751.3;17;1768.0
Alexandra Eala;WTA;30;19;1910.7;22;1840.5;76;1684.9;9;1821.9
Diana Shnaider;WTA;16;20;1909.8;21;1842.1;16;1850.2;32;1727.2
Marketa Vondrousova;WTA;122;21;1907.1;26;1825.8;31;1773.1;13;1791.1
Iva Jovic;WTA;17;22;1905.7;19;1847.4;27;1792.8;11;1797.8
Anastasia Potapova;WTA;28;23;1904.1;29;1803.9;10;1881.4;45;1686.6
Elise Mertens;WTA;26;24;1891.3;20;1846.3;21;1809.6;24;1748.1
Barbora Krejcikova;WTA;37;25;1888.6;25;1827.0;55;1725.5;10;1802.3
Karolina Pliskova;WTA;74;26;1880.3;27;1816.3;18;1822.9;19;1763.6
Sonay Kartal;WTA;84;27;1874.0;24;1832.6;125;1602.3;29;1731.6
Marie Bouzkova;WTA;22;28;1870.9;34;1798.4;25;1798.9;22;1751.3
Katerina Siniakova;WTA;34;29;1858.6;28;1813.2;51;1728.4;23;1751.1
Qinwen Zheng;WTA;153;30;1857.8;23;1834.6;20;1814.1;83;1610.7
Jelena Ostapenko;WTA;35;31;1851.5;36;1792.6;24;1806.6;18;1765.1
Emma Navarro;WTA;24;32;1849.9;53;1755.4;28;1786.1;20;1755.8
Hailey Baptiste;WTA;31;33;1843.9;41;1780.5;32;1770.5;71;1631.6
Katie Boulter;WTA;59;34;1843.3;32;1801.0;65;1701.5;21;1755.0
Veronika Kudermetova;WTA;113;35;1836.4;39;1785.9;35;1764.7;37;1709.5
Taylor Townsend;WTA;81;36;1836.2;31;1801.3;49;1736.5;76;1627.5
Emma Raducanu;WTA;32;37;1834.0;45;1772.9;54;1726.8;25;1742.6
Jaqueline Cristian;WTA;38;38;1833.9;30;1803.1;43;1746.1;138;1528.7
Magda Linette;WTA;58;39;1831.4;43;1779.6;34;1765.3;53;1669.4
Anhelina Kalinina;WTA;70;40;1829.5;56;1744.3;23;1807.0;57;1652.7
Ekaterina Alexandrova;WTA;19;41;1824.7;37;1789.9;53;1726.9;30;1730.4
Tereza Valentova;WTA;61;42;1824.6;33;1800.0;33;1766.5;85;1609.7
Camila Osorio;WTA;69;43;1822.7;38;1788.2;47;1738.6;68;1635.5
Peyton Stearns;WTA;63;44;1820.8;48;1763.4;36;1764.3;117;1562.4
Maja Chwalinska;WTA;21;45;1820.2;67;1729.0;29;1786.0;92;1593.5
Elisabetta Cocciaretto;WTA;44;46;1819.7;42;1780.1;56;1720.0;39;1702.0
Caty Mcnally;WTA;50;47;1819.7;66;1732.4;42;1747.9;34;1716.2
Olga Danilovic;WTA;200;48;1819.1;60;1739.8;26;1796.1;65;1639.9
Ann Li;WTA;29;49;1818.0;54;1751.4;41;1748.9;87;1606.4
Maria Sakkari;WTA;39;50;1811.6;35;1796.0;37;1754.0;74;1630.7
Oleksandra Oliynykova;WTA;49;51;1810.1;146;1590.4;39;1751.4;115;1564.3
Varvara Gracheva;WTA;72;52;1809.9;49;1763.2;66;1701.4;63;1641.3
Donna Vekic;WTA;33;53;1807.6;62;1735.8;38;1753.9;31;1728.6
Leylah Fernandez;WTA;23;54;1806.4;40;1785.2;64;1702.4;58;1649.9
Daria Kasatkina;WTA;68;55;1805.8;50;1762.4;30;1774.8;46;1683.6
Yulia Putintseva;WTA;85;56;1804.7;52;1758.3;46;1740.1;64;1640.2
Eva Lys;WTA;77;57;1803.6;44;1775.9;74;1688.3;75;1629.9
Dayana Yastremska;WTA;66;58;1791.6;65;1732.9;50;1730.9;50;1673.4
Rebeka Masarova;WTA;156;59;1788.8;84;1701.3;48;1737.1;35;1711.2
Elena Gabriela Ruse;WTA;105;60;1788.2;70;1723.5;59;1713.3;40;1694.5
Zeynep Sonmez;WTA;54;61;1787.9;69;1724.0;88;1663.0;52;1670.2
Nikola Bartunkova;WTA;46;62;1787.5;72;1719.2;75;1685.6;47;1679.2
Katie Volynets;WTA;99;63;1785.8;63;1735.7;58;1715.1;59;1648.0
Mccartney Kessler;WTA;62;64;1783.9;46;1772.6;89;1661.4;55;1664.0
Ashlyn Krueger;WTA;96;65;1779.1;75;1717.5;101;1644.2;36;1710.8
Paula Badosa;WTA;140;66;1779.0;55;1747.4;77;1684.1;60;1646.7
Laura Siegemund;WTA;40;67;1779.0;73;1718.5;68;1696.9;56;1663.8
Yuliia Starodubtseva;WTA;55;68;1775.1;91;1676.3;52;1727.1;82;1617.4
Clara Tauson;WTA;25;69;1775.0;51;1761.7;80;1679.4;80;1617.6
Viktorija Golubic;WTA;64;70;1774.7;71;1719.9;85;1667.0;51;1670.9
Anastasia Pavlyuchenkova;WTA;114;71;1774.6;58;1741.6;72;1692.1;48;1678.7
Solana Sierra;WTA;56;72;1774.3;112;1652.9;44;1743.9;81;1617.5
Daria Snigur;WTA;78;73;1772.7;64;1734.0;112;1620.2;66;1639.9
Liudmila Samsonova;WTA;42;74;1764.1;74;1717.5;60;1712.6;41;1693.4
Sara Bejlek;WTA;45;75;1760.5;59;1740.8;57;1716.2;181;1481.9
Antonia Ruzic;WTA;60;76;1757.0;68;1726.1;106;1629.9;67;1637.8
Diane Parry;WTA;47;77;1753.4;108;1655.9;73;1690.1;44;1686.9
Xiyu Wang;WTA;86;78;1751.8;76;1713.5;61;1709.6;106;1573.0
Anna Bondar;WTA;75;79;1748.1;104;1661.0;45;1740.7;149;1513.4
Robin Montgomery;WTA;194;80;1747.4;111;1653.7;117;1616.7;28;1736.2
Talia Gibson;WTA;57;81;1745.6;47;1768.6;155;1559.4;96;1590.4
Xin Yu Wang;WTA;52;82;1742.2;80;1706.7;108;1624.4;42;1689.1
Kimberly Birrell;WTA;73;83;1734.9;57;1742.0;179;1526.8;111;1566.4
Kaitlin Quevedo;WTA;106;84;1732.3;118;1642.2;78;1682.2;129;1541.1
Aliaksandra Sasnovich;WTA;124;85;1731.5;85;1699.7;93;1657.3;86;1607.9
Magdalena Frech;WTA;43;86;1728.9;83;1702.1;98;1649.6;113;1565.1
Lois Boisson;WTA;154;87;1727.9;167;1568.3;70;1693.7;161;1499.4
Shuai Zhang;WTA;67;88;1724.9;88;1698.2;127;1601.2;73;1631.2
Greet Minnen;WTA;195;89;1722.9;97;1666.8;129;1593.6;49;1678.4
Ajla Tomljanovic;WTA;98;90;1722.7;77;1711.5;115;1618.5;54;1666.6
Polina Kudermetova;WTA;116;91;1722.3;117;1643.8;82;1677.3;105;1576.6
Cristina Bucsa;WTA;36;92;1721.8;78;1710.0;153;1562.6;91;1593.6
Jessica Bouzas Maneiro;WTA;48;93;1721.4;102;1663.8;83;1677.2;70;1632.2
Lanlana Tararudee;WTA;95;94;1721.2;79;1707.8;150;1564.9;107;1572.9
Anastasia Zakharova;WTA;91;95;1719.7;82;1702.5;134;1583.9;94;1592.7
Bianca Andreescu;WTA;180;96;1719.3;86;1698.9;99;1649.2;89;1602.4
Anastasija Sevastova;WTA;285;97;1718.5;100;1664.3;69;1695.0;79;1619.5
Alina Charaeva;WTA;120;98;1710.1;136;1612.9;81;1677.7;112;1565.7
Laura Samson;WTA;146;99;1709.8;179;1555.0;63;1704.9;137;1529.9
Mia Pohankova;WTA;244;100;1709.4;121;1637.8;126;1601.7;124;1546.9
Maria Timofeeva;WTA;92;101;1708.0;135;1613.5;62;1706.4;225;1440.8
Lilli Tagger;WTA;83;102;1707.2;87;1698.9;123;1603.5;139;1528.6
Marina Stakusic;WTA;139;103;1706.7;93;1672.1;158;1558.8;93;1592.9
Kamilla Rakhimova;WTA;65;104;1706.6;90;1677.8;118;1616.1;78;1620.2
Kaja Juvan;WTA;130;105;1705.3;119;1641.8;67;1698.0;61;1646.0
Hanne Vandewinkel;WTA;100;106;1704.2;61;1737.3;148;1565.7;118;1560.9
Yafan Wang;WTA;351;107;1703.6;92;1673.0;173;1538.6;130;1539.9
Sofia Kenin;WTA;104;108;1702.7;103;1662.9;91;1659.5;103;1583.2
Alina Korneeva;WTA;94;109;1700.2;81;1705.6;171;1540.6;165;1497.0
Sinja Kraus;WTA;93;110;1698.3;125;1625.9;87;1665.3;146;1516.4
Mananchaya Sawangkaew;WTA;164;111;1697.1;107;1657.6;164;1551.4;95;1592.4
Anna Blinkova;WTA;107;112;1697.1;110;1655.4;124;1603.4;84;1610.7
Petra Marcinko;WTA;51;113;1695.9;133;1614.6;79;1680.8;200;1467.7
Elina Avanesyan;WTA;212;114;1694.2;120;1639.9;86;1666.7;98;1588.0
Vera Zvonareva;WTA;309;115;1691.7;105;1658.8;120;1613.3;72;1631.5
Tatiana Prozorova;WTA;171;116;1688.9;99;1666.4;131;1592.5;119;1558.2
Storm Hunter;WTA;185;117;1688.8;95;1671.7;165;1549.6;101;1584.8
Darja Vidmanova;WTA;90;118;1688.1;94;1672.0;166;1549.3;100;1586.7
Jil Teichmann;WTA;126;119;1686.8;124;1630.9;95;1652.8;207;1457.1
Simona Waltert;WTA;88;120;1682.0;137;1612.1;90;1660.9;174;1486.8
Kristina Liutova;WTA;236;121;1681.3;144;1592.4;119;1615.2;147;1515.7
Moyuka Uchijima;WTA;108;122;1680.5;123;1633.2;103;1639.3;190;1476.8
Maya Joint;WTA;53;123;1677.7;98;1666.7;111;1621.3;88;1603.6
Celine Naef;WTA;193;124;1677.0;109;1655.8;205;1498.5;69;1634.8
Dalma Galfi;WTA;115;125;1676.9;142;1600.0;94;1657.0;97;1589.3
Renata Zarazua;WTA;76;126;1676.7;116;1645.6;130;1592.8;120;1556.9
Tamara Korpatsch;WTA;79;127;1675.8;138;1604.3;92;1659.4;213;1449.7
Lin Zhu;WTA;141;128;1674.1;114;1646.9;246;1455.1;126;1545.2
Panna Udvardy;WTA;71;129;1673.1;164;1572.8;107;1624.7;121;1555.9
Caroline Dolehide;WTA;215;130;1672.6;122;1637.5;114;1618.7;175;1485.3
Tyra Caterina Grant;WTA;173;131;1671.2;190;1543.9;100;1647.6;153;1510.6
Emerson Jones;WTA;135;132;1671.1;101;1663.9;251;1449.6;152;1511.1
Jeline Vandromme;WTA;161;133;1670.5;96;1670.6;175;1535.6;154;1510.2
Janice Tjen;WTA;41;134;1669.6;89;1690.2;147;1566.1;122;1550.7
Katarzyna Kawa;WTA;121;135;1667.8;226;1490.9;84;1669.5;125;1546.6
Oksana Selekhmeteva;WTA;89;136;1667.0;106;1658.7;109;1624.3;169;1490.8
Sara Sorribes Tormo;WTA;252;137;1663.9;147;1590.3;96;1651.9;131;1537.0
Tamara Zidansek;WTA;132;138;1663.4;152;1585.4;97;1650.5;176;1484.9
Alycia Parks;WTA;80;139;1663.0;115;1646.5;140;1573.8;155;1509.7
Fiona Ferro;WTA;187;140;1662.1;126;1624.0;122;1605.1;178;1482.9
Sloane Stephens;WTA;316;141;1660.0;130;1618.6;104;1637.2;104;1577.8
Darja Semenistaja;WTA;102;142;1659.5;165;1570.9;102;1642.1;123;1550.5
Tatjana Maria;WTA;112;143;1659.2;150;1586.8;152;1563.8;62;1645.5
Venus Williams;WTA;471;144;1659.1;129;1619.2;143;1572.9;99;1587.8
Mayar Sherif;WTA;110;145;1658.6;225;1491.5;105;1637.2;177;1484.5
Mary Stoiana;WTA;131;146;1654.4;169;1565.9;181;1522.5;90;1597.2
Leolia Jeanjean;WTA;133;147;1653.2;148;1587.8;113;1619.9;160;1500.7
Veronika Podrez;WTA;144;148;1649.3;172;1563.8;163;1551.7;196;1469.1
Anca Alexia Todoni;WTA;557;149;1643.2;184;1550.5;71;1692.2;148;1514.3
Yue Yuan;WTA;123;150;1641.6;132;1616.8;145;1568.8;159;1501.8
Claire Liu;WTA;145;151;1639.8;127;1620.3;133;1586.5;162;1499.3
Rebecca Sramkova;WTA;136;152;1634.4;128;1619.4;151;1564.6;128;1541.9
Andrea Lazaro Garcia;WTA;150;153;1632.4;197;1532.2;116;1618.5;198;1468.5
Lulu Sun;WTA;109;154;1632.3;113;1652.0;231;1475.0;136;1531.4
Viktoriya Tomova;WTA;174;155;1629.6;149;1587.7;137;1575.8;134;1531.8
Francesca Jones;WTA;103;156;1625.8;154;1584.4;110;1624.0;220;1444.0
Rebecca Marino;WTA;388;157;1625.6;145;1590.9;208;1493.4;109;1570.6
Polina Iatcenko;WTA;155;158;1624.3;161;1576.3;284;1411.5;77;1627.2
Ella Seidel;WTA;97;159;1623.0;131;1617.4;178;1530.1;140;1526.8
Veronika Erjavec;WTA;87;160;1621.3;204;1519.9;121;1606.6;135;1531.7
Noma Noha Akugue;WTA;152;161;1620.9;151;1586.5;168;1544.6;250;1428.0
Dominika Salkova;WTA;128;162;1617.3;134;1614.1;161;1552.5;206;1457.9
Himeno Sakatsume;WTA;125;163;1614.9;141;1600.6;217;1485.2;183;1481.7
Taylah Preston;WTA;119;164;1614.9;143;1597.9;283;1412.8;173;1488.8
Beatriz Haddad Maia;WTA;117;165;1614.9;159;1579.7;128;1600.5;102;1583.6
Julia Grabher;WTA;118;166;1612.5;231;1486.1;132;1592.3;285;1403.9
Victoria Jimenez Kasintseva;WTA;111;167;1612.0;153;1585.2;154;1561.1;179;1482.6
Elsa Jacquemot;WTA;82;168;1610.1;158;1580.9;170;1542.2;141;1523.5
Kayla Day;WTA;138;169;1608.4;156;1582.9;149;1565.1;252;1426.8
Vendula Valdmannova;WTA;202;170;1607.9;139;1602.3;315;1371.6;133;1533.8
Lisa Pigato;WTA;134;171;1606.1;177;1558.5;135;1579.4;132;1536.6
Alisa Oktiabreva;WTA;310;172;1605.8;256;1456.6;136;1577.0;189;1477.9
Harriet Dart;WTA;151;173;1604.0;155;1583.9;264;1436.2;143;1521.4
Priscilla Hon;WTA;149;174;1601.5;157;1581.6;212;1488.8;191;1474.8
Leyre Romero Gormaz;WTA;142;175;1601.4;205;1519.0;144;1571.3;217;1446.2
Martyna Kubka;WTA;214;176;1601.1;170;1565.4;221;1481.1;116;1562.9
Suzan Lamens;WTA;129;177;1600.7;176;1561.7;180;1525.3;150;1512.8
Maddison Inglis;WTA;148;178;1598.0;174;1562.2;254;1447.6;168;1492.4
Tereza Martincova;WTA;265;179;1596.6;160;1576.5;226;1479.8;114;1564.9
Guiomar Maristany Zuleta De Reales;WTA;181;180;1595.9;216;1506.8;138;1575.4;234;1434.3
Emiliana Arango;WTA;101;181;1595.3;175;1561.8;172;1538.8;272;1414.0
Linda Fruhvirtova;WTA;162;182;1593.6;140;1602.0;240;1461.2;151;1511.9
Carson Branstine;WTA;433;183;1593.6;210;1511.9;156;1559.2;108;1571.3
Lucia Bronzetti;WTA;127;184;1593.5;195;1536.4;141;1573.7;193;1471.2
Linda Klimovicova;WTA;167;185;1593.0;163;1573.0;216;1485.3;259;1423.7
Akasha Urhobo;WTA;176;186;1592.2;262;1448.5;160;1555.3;164;1497.1
Hanyu Guo;WTA;159;187;1591.2;162;1575.1;215;1485.7;184;1481.5
Fiona Crawley;WTA;232;188;1591.1;185;1550.0;304;1381.8;195;1470.5
Polona Hercog;WTA;225;189;1589.6;201;1524.1;142;1573.5;142;1522.8
Susan Bandecchi;WTA;168;190;1588.3;198;1531.6;187;1514.4;192;1473.4
Elvina Kalieva;WTA;137;191;1587.2;186;1548.8;183;1521.4;248;1428.6
Varvara Lepchenko;WTA;175;192;1586.7;173;1562.8;169;1543.2;197;1468.9
Zhuoxuan Bai;WTA;263;193;1584.2;171;1565.1;258;1444.4;127;1545.2
Jana Fett;WTA;411;194;1579.7;202;1522.8;159;1556.2;167;1496.4
Francesca Curmi;WTA;268;195;1579.2;242;1473.6;146;1567.2;203;1464.6
Harmony Tan;WTA;199;196;1579.0;189;1544.2;274;1424.2;110;1567.1
Jessika Ponchet;WTA;190;197;1576.5;217;1506.5;139;1574.2;182;1481.9
Madison Brengle;WTA;224;198;1575.4;193;1539.1;157;1559.0;172;1489.1
Jennifer Ruggeri;WTA;207;199;1574.5;305;1402.2;162;1551.8;205;1462.2
Heather Watson;WTA;491;200;1571.5;187;1547.6;262;1441.0;156;1505.3
Olivia Gadecki;WTA;239;201;1568.8;192;1539.3;211;1489.7;194;1470.9
Renata Jamrichova;WTA;393;202;1566.4;207;1514.3;182;1522.0;278;1411.2
Anna Siskova;WTA;231;203;1565.8;196;1534.9;201;1501.8;310;1385.1
Nao Hibino;WTA;247;204;1563.7;200;1525.0;203;1499.2;185;1480.8
Joanna Garland;WTA;188;205;1560.6;178;1557.9;218;1485.2;199;1467.9
Sofia Costoulas;WTA;157;206;1560.0;168;1566.7;210;1490.1;258;1424.5
Mona Barthel;WTA;208;207;1559.9;194;1537.1;191;1511.7;295;1397.1
Carol Young Suh Lee;WTA;203;208;1558.0;180;1554.2;185;1518.2;170;1489.7
Lucie Havlickova;WTA;209;209;1557.6;183;1551.0;222;1481.1;180;1482.6
Marina Bassols Ribera;WTA;143;210;1557.3;232;1485.4;174;1537.8;204;1462.7
Elizara Yaneva;WTA;201;211;1555.3;182;1552.7;200;1502.9;209;1452.7
Katie Swan;WTA;196;212;1554.5;238;1477.4;282;1412.9;163;1498.1
En Shuo Liang;WTA;271;213;1553.8;181;1554.1;329;1360.8;166;1497.0
Anna Lena Friedsam;WTA;218;214;1553.5;218;1506.4;190;1512.3;227;1438.8
Erika Andreeva;WTA;238;215;1553.2;208;1513.6;199;1504.1;222;1443.7
Iryna Shymanovich;WTA;216;216;1552.0;233;1485.2;188;1513.9;187;1480.3
Aoi Ito;WTA;228;217;1550.0;166;1568.7;409;1298.4;306;1387.6
Lola Radivojevic;WTA;147;218;1547.9;245;1472.2;167;1546.9;157;1503.2
Anouk Koevermans;WTA;160;219;1547.4;188;1545.9;202;1500.6;273;1414.0
Federica Urgesi;WTA;294;220;1546.8;307;1400.8;177;1532.6;214;1448.4
Hayu Kinoshita;WTA;227;221;1545.0;199;1530.8;353;1335.1;215;1447.5
Aliona Falei;WTA;229;222;1542.4;191;1542.5;265;1430.9;216;1446.9
Elizabeth Mandlik;WTA;165;223;1541.9;211;1510.7;225;1480.2;144;1521.0
Kajsa Rinaldo Persson;WTA;220;224;1541.5;263;1448.3;192;1510.7;323;1378.9
Zarina Diyas;WTA;437;225;1533.1;203;1521.2;223;1480.7;188;1478.6
Savannah Broadus;WTA;463;226;1532.4;209;1512.8;259;1444.2;224;1441.2
Julia Riera;WTA;182;227;1531.7;244;1472.8;197;1506.3;239;1432.6
Oceane Dodin;WTA;473;228;1531.0;213;1510.3;238;1462.2;210;1450.3
Gabriela Andrea Knutson;WTA;198;229;1529.7;243;1473.2;298;1387.8;158;1502.9
Katarina Zavatska;WTA;255;230;1529.6;290;1417.1;189;1513.5;255;1426.6
Amandine Monnot;WTA;319;231;1529.3;230;1488.3;263;1440.6;226;1439.6
Carole Monnet;WTA;192;232;1528.4;273;1439.1;184;1519.1;320;1380.5
Julia Avdeeva;WTA;191;233;1527.9;223;1496.9;219;1483.6;268;1416.3
Zongyu Li;WTA;288;234;1527.5;206;1516.3;293;1395.1;228;1438.8
Teodora Kostovic;WTA;184;235;1527.0;212;1510.4;193;1508.5;229;1438.5
Lisa Zaar;WTA;295;236;1526.7;311;1393.9;204;1498.9;230;1438.4
Luisina Giovannini;WTA;166;237;1523.0;367;1342.3;195;1507.3;231;1436.5
Francisca Jorge;WTA;226;238;1522.1;214;1508.8;266;1430.8;201;1466.1
Lucrezia Stefanini;WTA;163;239;1521.7;224;1494.8;235;1465.7;171;1489.2
Yeon Woo Ku;WTA;172;240;1520.4;220;1500.9;327;1362.0;233;1435.2
Arantxa Rus;WTA;178;241;1518.4;219;1506.0;194;1508.3;274;1413.3
Ayla Aksu;WTA;221;242;1517.1;215;1507.6;273;1424.4;236;1433.5
Jazmin Ortenzi;WTA;158;243;1516.4;328;1377.9;209;1490.2;283;1404.8
Cadence Brace;WTA;217;244;1515.5;221;1497.9;414;1295.3;238;1432.7
Elena Pridankina;WTA;206;245;1514.8;239;1476.6;176;1532.7;350;1363.8
Sachia Vickery;WTA;624;246;1514.6;240;1476.2;198;1505.3;249;1428.2
Alexandra Shubladze;WTA;186;247;1514.5;222;1497.0;323;1365.5;242;1432.2
Mika Stojsavljevic;WTA;276;248;1511.7;280;1432.0;319;1370.8;317;1382.3
Astra Sharma;WTA;580;249;1511.5;251;1465.7;206;1496.0;221;1444.0
Darya Astakhova;WTA;235;250;1511.3;264;1445.8;196;1506.6;291;1398.5
Clervie Ngounoue;WTA;320;251;1510.7;234;1484.2;272;1424.8;280;1408.8
Caijsa Wilda Hennemann;WTA;251;252;1510.4;347;1359.1;224;1480.4;244;1430.2
Rada Zolotareva;WTA;404;253;1510.2;301;1405.9;227;1479.6;290;1399.6
Emina Bektas;WTA;571;254;1509.5;235;1481.6;378;1314.9;202;1464.9
Aliona Bolsova;WTA;329;255;1509.5;253;1458.9;214;1487.2;281;1407.7
Alevtina Ibragimova;WTA;270;256;1507.9;249;1468.3;233;1472.3;247;1428.9
Julieta Pareja;WTA;381;257;1505.8;260;1451.8;232;1473.3;251;1427.9
Mia Ristic;WTA;267;258;1503.3;338;1365.6;228;1479.0;253;1426.7
Viktoria Hruncakova;WTA;222;259;1502.2;246;1471.0;270;1427.3;219;1445.2
Katrina Scott;WTA;258;260;1501.7;259;1455.2;213;1488.0;334;1373.1
Xinyu Gao;WTA;259;261;1500.4;227;1490.6;248;1452.6;321;1379.5
Nuria Brancaccio;WTA;170;262;1499.4;388;1323.7;207;1493.6;328;1376.2
Anastasia Gasanova;WTA;210;263;1499.1;229;1488.3;255;1446.8;232;1435.6
Eva Guerrero Alvarez;WTA;278;264;1498.3;237;1479.0;279;1415.7;287;1402.1
Tiantsoa Sarah Rakotomanga Rajaonah;WTA;177;265;1497.0;254;1458.0;245;1456.2;260;1423.5
Eva Vedder;WTA;205;266;1494.2;250;1465.8;244;1456.3;240;1432.6
Valentina Ryser;WTA;297;267;1493.6;248;1468.6;396;1304.2;145;1518.2
Elena Ruxandra Bertea;WTA;269;268;1493.0;364;1345.6;230;1477.0;263;1421.5
Whitney Osuigwe;WTA;183;269;1492.9;258;1455.5;247;1452.9;376;1350.4
Destanee Aiava;WTA;528;270;1491.8;241;1474.5;288;1403.8;313;1383.9
Hannah Klugman;WTA;412;271;1488.1;257;1456.0;303;1381.9;298;1394.2
Alice Tubello;WTA;230;272;1486.5;356;1352.0;229;1478.9;266;1418.2
Chloe Paquet;WTA;317;273;1484.9;279;1434.4;237;1462.4;336;1372.1
Samira De Stefano;WTA;293;274;1484.6;284;1424.0;320;1368.5;267;1417.3
Jodie Burrage;WTA;645;275;1483.8;236;1480.6;340;1348.3;237;1433.0
Laura Pigossi;WTA;241;276;1483.8;267;1444.6;241;1461.1;371;1353.1
Ekaterine Gorgodze;WTA;219;277;1483.7;271;1440.2;249;1452.3;256;1426.6
Lina Gjorcheska;WTA;223;278;1481.8;282;1430.8;250;1451.4;254;1426.7
Mariam Bolkvadze;WTA;539;279;1479.4;247;1469.3;407;1300.0;294;1397.2
Fangran Tian;WTA;249;280;1478.4;252;1459.5;334;1354.2;271;1414.2
Arina Rodionova;WTA;398;281;1478.0;255;1457.7;309;1375.9;212;1450.2
Alexis Blokhina;WTA;582;282;1476.3;261;1448.6;286;1409.4;275;1413.2
Louisa Chirico;WTA;321;283;1475.7;293;1410.8;186;1515.9;324;1376.6
Anastasia Zolotareva;WTA;237;284;1475.1;326;1380.4;234;1468.8;276;1412.6
Tara Wurth;WTA;418;285;1473.0;324;1381.8;257;1446.0;277;1411.5
Mai Hontama;WTA;204;286;1472.9;275;1438.1;256;1446.7;316;1382.6
Xiaodi You;WTA;179;287;1470.5;228;1489.1;346;1343.7;369;1354.0
Jana Kovackova;WTA;553;288;1469.0;294;1410.7;290;1399.6;279;1409.5
Vitalia Diatchenko;WTA;550;289;1466.0;268;1443.7;297;1390.1;262;1422.4
Anastasiya Soboleva;WTA;290;290;1465.4;342;1362.2;243;1457.1;341;1368.8
Despina Papamichail;WTA;169;291;1464.1;309;1398.5;260;1443.3;241;1432.5
Ena Shibahara;WTA;401;292;1463.8;274;1438.4;236;1463.2;264;1420.8
Silvia Ambrosio;WTA;325;293;1460.8;346;1359.5;253;1448.2;282;1405.4
Alicia Dudeney;WTA;246;294;1459.9;296;1409.0;344;1345.0;315;1383.1
Martina Trevisan;WTA;402;295;1458.9;265;1445.2;252;1448.7;468;1302.0
Lucie Nguyen Tan;WTA;443;296;1458.9;391;1320.3;268;1428.1;284;1404.5
Ye Xin Ma;WTA;189;297;1457.6;266;1445.2;453;1254.9;309;1385.2
Arianne Hartono;WTA;333;298;1452.8;278;1435.5;310;1375.4;348;1364.6
Lizette Cabrera;WTA;298;299;1452.8;289;1417.8;342;1347.4;235;1434.3
Camilla Rosatello;WTA;374;300;1450.8;333;1373.4;220;1483.5;393;1342.6
Maria Lourdes Carle;WTA;234;301;1450.4;269;1442.5;269;1428.1;380;1349.4
Sada Nahimana;WTA;250;302;1450.0;379;1331.9;261;1442.4;288;1400.0
Xinxin Yao;WTA;289;303;1449.4;272;1439.6;384;1308.1;289;1399.7
Deborah Chiesa;WTA;378;304;1449.4;392;1319.5;242;1460.0;339;1370.9
Mei Yamaguchi;WTA;254;305;1448.2;288;1420.4;377;1315.7;325;1376.4
Tessah Andrianjafitrimo;WTA;521;306;1446.7;295;1410.2;275;1421.1;344;1366.6
Yasmine Kabbaj;WTA;275;307;1446.6;348;1356.9;277;1416.3;292;1398.3
Angela Fita Boluda;WTA;213;308;1445.5;423;1288.6;276;1419.9;293;1397.7
Selena Janicijevic;WTA;233;309;1444.5;349;1356.8;267;1428.3;269;1416.0
Ane Mintegi Del Olmo;WTA;257;310;1439.6;304;1402.8;287;1404.7;296;1394.8
Kayla Cross;WTA;197;311;1439.4;276;1436.3;313;1373.5;443;1321.3
Alessandra Mazzola;WTA;380;312;1439.0;376;1334.5;271;1426.7;297;1394.5
Matilde Jorge;WTA;283;313;1436.6;277;1436.3;402;1301.5;299;1393.3
Kyoka Okamura;WTA;253;314;1434.8;319;1387.8;372;1322.3;186;1480.6
Amarissa Kiara Toth;WTA;361;315;1432.9;321;1385.5;278;1416.0;301;1391.5
Caroline Uebelhoer;WTA;242;316;1432.0;352;1353.9;280;1415.0;302;1391.0
Vivian Wolff;WTA;256;317;1431.0;270;1441.2;366;1324.1;303;1390.5
Ella Mcdonald;WTA;536;318;1429.6;445;1264.1;375;1317.4;223;1441.6
Amarni Banks;WTA;547;319;1423.1;316;1391.6;387;1306.7;305;1388.0
Ekaterina Reyngold;WTA;413;320;1423.0;281;1431.1;325;1362.7;307;1386.5
Margaux Rouvroy;WTA;342;321;1421.9;320;1387.2;306;1380.3;308;1385.9
Haruka Kaji;WTA;287;322;1420.8;292;1411.8;351;1336.5;261;1423.0
Anastasia Kulikova;WTA;428;323;1419.2;303;1403.3;314;1372.6;343;1367.6
Sijia Wei;WTA;392;324;1418.3;287;1423.0;419;1291.9;359;1358.5
Mingge Xu;WTA;327;325;1418.3;323;1383.8;367;1324.1;396;1342.3
Jule Niemeier;WTA;503;326;1418.2;286;1423.0;291;1398.3;246;1429.1
Lidia Encheva;WTA;415;327;1418.1;341;1362.3;341;1348.2;312;1384.1
Katherine Sebov;WTA;245;328;1417.9;300;1406.0;328;1361.9;340;1369.1
Angelina Voloshchuk;WTA;355;329;1417.5;297;1408.1;431;1280.1;314;1383.8
Kathinka Von Deichmann;WTA;274;330;1414.6;291;1415.2;312;1373.9;352;1361.3
Amandine Hesse;WTA;436;331;1414.2;315;1391.9;322;1366.3;437;1323.6
Varvara Panshina;WTA;359;332;1414.1;374;1339.5;239;1461.5;318;1382.0
Maria Sara Popa;WTA;454;333;1412.0;432;1273.6;294;1394.7;319;1381.0
Nuria Parrizas Diaz;WTA;567;334;1411.2;299;1406.1;285;1411.0;361;1358.3
Lea Boskovic;WTA;352;335;1410.0;344;1360.7;292;1396.1;270;1414.9
Elena Malygina;WTA;312;336;1408.7;308;1400.0;408;1298.4;208;1454.3
Julie Belgraver;WTA;382;337;1408.3;361;1347.3;302;1382.8;322;1379.1
Julie Struplova;WTA;273;338;1402.9;384;1326.8;301;1386.1;326;1376.4
Zhibek Kulambayeva;WTA;450;339;1402.8;441;1267.1;296;1391.4;327;1376.4
Tina Nadine Smith;WTA;389;340;1401.1;318;1388.2;324;1363.1;329;1375.5
Martha Matoula;WTA;303;341;1400.5;375;1338.8;289;1400.0;211;1450.3
Irene Burillo Escorihuela;WTA;264;342;1400.0;382;1328.5;300;1386.8;394;1342.5
Gina Feistel;WTA;384;343;1399.9;413;1297.6;295;1392.9;330;1374.9
Berfu Cengiz;WTA;390;344;1399.8;327;1378.8;305;1381.4;365;1355.2
Nastasja Schunk;WTA;408;345;1398.9;358;1350.5;299;1386.9;245;1430.1
Carol Zhao;WTA;427;346;1398.3;302;1404.5;397;1302.9;311;1384.6
Anouck Vrancken Peeters;WTA;315;347;1398.0;314;1392.1;317;1371.4;470;1299.3
Malaika Rapolu;WTA;425;348;1397.5;322;1384.3;376;1316.2;332;1373.7
Hiromi Abe;WTA;313;349;1395.2;330;1376.4;380;1312.6;335;1372.6
Monika Ekstrand;WTA;564;350;1393.8;329;1377.5;415;1294.9;337;1371.9
Sofya Lansere;WTA;266;351;1393.5;298;1406.6;393;1304.7;338;1371.8
Sara Saito;WTA;280;352;1393.1;310;1394.8;347;1343.2;477;1294.0
Viktoria Morvayova;WTA;302;353;1393.0;331;1376.2;420;1290.0;286;1403.5
Sohyun Park;WTA;272;354;1391.1;325;1381.0;355;1334.2;218;1445.6
Ayana Akli;WTA;300;355;1390.9;306;1402.2;361;1329.9;397;1342.0
Miriam Bianca Bulgaru;WTA;248;356;1390.9;411;1298.3;332;1357.0;412;1332.8
Ylena In Albon;WTA;504;357;1388.9;401;1311.7;316;1371.4;355;1360.1
Dalila Jakupovic;WTA;357;358;1388.2;334;1371.8;335;1352.6;418;1330.6
Yuriko Miyazaki;WTA;307;359;1388.2;335;1370.4;451;1256.5;367;1354.3
Sayaka Ishii;WTA;685;360;1387.4;317;1389.3;398;1302.9;417;1331.0
Tessa Johanna Brockmann;WTA;277;361;1386.5;378;1332.9;360;1330.6;331;1374.1
Eryn Cayetano;WTA;323;362;1385.7;332;1373.7;447;1261.3;342;1367.9
Lea Ma;WTA;299;363;1383.6;337;1367.2;400;1301.9;391;1344.2
Su Jeong Jang;WTA;660;364;1383.6;351;1354.5;281;1414.0;411;1333.3
Miho Kuramochi;WTA;396;365;1383.1;345;1360.3;388;1306.5;349;1364.4
Yuki Naito;WTA;286;366;1382.4;312;1393.5;439;1271.4;405;1335.7
Eva Bennemann;WTA;324;367;1381.4;283;1428.0;444;1263.4;346;1365.7
Lina Glushko;WTA;519;368;1379.7;343;1361.6;357;1334.0;265;1419.3
Ipek Oz;WTA;375;369;1377.4;360;1347.4;326;1362.4;413;1332.7
Dalila Spiteri;WTA;291;370;1375.5;425;1287.9;311;1373.9;351;1362.8
Ekaterina Kazionova;WTA;395;371;1375.0;385;1325.1;330;1358.3;400;1341.6
Gabriela Lee;WTA;502;372;1374.6;427;1280.0;307;1378.8;476;1295.0
Barbora Palicova;WTA;311;373;1374.1;373;1339.9;318;1370.9;345;1365.8
Yidi Yang;WTA;337;374;1371.5;336;1367.6;425;1284.4;354;1360.8
Kristiana Sidorova;WTA;391;375;1370.1;353;1353.5;406;1300.1;356;1360.1
Misaki Matsuda;WTA;376;376;1369.1;357;1350.7;333;1356.0;357;1359.5
Ena Koike;WTA;407;377;1367.8;362;1346.2;427;1283.1;358;1358.9
Martina Capurro Taborda;WTA;262;378;1367.0;420;1290.3;338;1349.8;304;1390.5
Tatiana Pieri;WTA;422;379;1365.1;406;1305.3;348;1340.0;362;1357.6
Mell Elizabeth Reasco Gonzalez;WTA;343;380;1362.9;285;1423.1;392;1304.7;243;1431.5
Usue Maitane Arconada;WTA;720;381;1361.6;355;1352.4;438;1271.4;398;1341.9
Yufei Ren;WTA;314;382;1360.7;383;1328.3;337;1350.8;364;1355.4
Natsumi Kawaguchi;WTA;362;383;1359.8;368;1342.2;416;1294.9;436;1324.4
Sahaja Yamalapalli;WTA;328;384;1359.7;380;1330.5;449;1260.8;347;1364.7
Aneta Kladivova;WTA;524;385;1358.7;389;1323.5;339;1348.6;366;1354.4
Sakura Hosogi;WTA;360;386;1358.2;366;1344.1;436;1274.3;368;1354.1
Justina Mikulskyte;WTA;243;387;1357.1;397;1315.3;321;1367.5;473;1297.3
Victoria Rodriguez;WTA;394;388;1356.9;371;1340.7;411;1297.8;370;1353.5
Raluka Serban;WTA;301;389;1356.8;339;1365.5;352;1335.6;353;1361.2
Tena Lukas;WTA;453;390;1356.6;407;1304.9;345;1343.8;415;1331.5
Noemi Basiletti;WTA;326;391;1356.2;474;1230.6;364;1327.4;372;1353.1
Carolyn Ansari;WTA;260;392;1355.9;370;1341.6;428;1282.8;373;1352.9
Hina Inoue;WTA;279;393;1355.3;377;1334.5;482;1221.4;385;1347.3
Momoko Kobori;WTA;338;394;1355.1;381;1328.7;486;1216.3;399;1341.8
Rositsa Dencheva;WTA;410;395;1354.9;372;1340.6;358;1332.4;374;1352.4
Hanna Chang;WTA;330;396;1353.8;399;1314.2;308;1376.6;465;1303.8
Naiktha Bains;WTA;431;397;1353.6;359;1349.3;386;1307.2;515;1259.6
Antonia Vergara Rivera;WTA;353;398;1351.4;419;1290.7;349;1338.2;375;1350.7
Alina Granwehr;WTA;340;399;1350.4;421;1290.2;363;1328.3;377;1350.2
Anja Stankovic;WTA;544;400;1349.8;422;1289.9;368;1323.9;378;1349.9
Ranah Akua Stoiber;WTA;499;401;1349.3;386;1324.9;423;1287.5;446;1320.7
Laura Mair;WTA;409;402;1349.2;439;1268.5;331;1357.0;379;1349.6
Anastasia Tikhonova;WTA;261;403;1347.8;410;1302.2;373;1319.5;257;1425.5
Ayano Shimizu;WTA;483;404;1346.8;398;1314.7;471;1231.7;360;1358.5
Katarina Kuzmova;WTA;281;405;1346.5;363;1345.8;499;1196.8;381;1348.3
Isabella Shinikova;WTA;367;406;1345.9;340;1364.5;459;1250.0;507;1270.8
Hibah Shaikh;WTA;308;407;1345.9;350;1354.7;430;1282.0;383;1348.0
Manon Leonard;WTA;296;408;1345.8;354;1352.5;508;1178.4;505;1271.1
Jia Jing Lu;WTA;371;409;1345.5;400;1313.4;371;1323.3;512;1263.3
Ana Sofia Sanchez;WTA;304;410;1344.5;402;1308.5;356;1334.2;386;1347.2
Sofia Rocchetti;WTA;566;411;1344.3;434;1272.6;359;1331.9;387;1347.1
Ekaterina Maklakova;WTA;475;412;1343.3;395;1318.3;383;1309.9;388;1346.6
Haley Giavara;WTA;331;413;1341.6;390;1322.1;455;1252.3;363;1356.0
Alice Rame;WTA;240;414;1341.2;517;1174.4;336;1351.4;389;1345.6
Anastasia Abbagnato;WTA;487;415;1339.3;424;1288.4;354;1334.4;390;1344.7
Saki Imamura;WTA;537;416;1338.0;396;1318.1;426;1284.0;403;1336.0
Mathilde Lollia;WTA;543;417;1336.1;459;1254.4;385;1308.1;392;1343.1
Georgia Pedone;WTA;322;418;1335.6;513;1180.5;350;1337.1;406;1335.1
Jenny Lim;WTA;426;419;1334.9;430;1278.7;389;1306.3;395;1342.5
Mina Hodzic;WTA;350;420;1332.0;369;1342.0;421;1289.5;439;1323.0
Diletta Cherubini;WTA;346;421;1330.3;462;1250.2;379;1314.9;401;1340.2
Jessica Pieri;WTA;284;422;1327.4;433;1272.7;365;1325.7;426;1328.2
Gabriela Ce;WTA;349;423;1323.7;457;1255.6;401;1301.7;457;1309.9
Carlota Martinez Cirez;WTA;369;424;1323.3;484;1219.8;390;1305.9;449;1317.7
Gina Marie Dittmann;WTA;438;425;1323.2;444;1264.3;369;1323.7;402;1336.6
Jana Kolodynska;WTA;603;426;1322.7;394;1318.7;494;1201.2;472;1297.5
Cagla Buyukakcay;WTA;368;427;1322.3;393;1318.7;394;1304.4;528;1225.5
Gergana Topalova;WTA;492;428;1322.3;519;1172.7;382;1310.1;433;1326.0
Weronika Ewald;WTA;417;429;1322.0;429;1278.8;374;1317.5;404;1336.0
Wushuang Zheng;WTA;478;430;1319.7;404;1308.2;462;1245.9;407;1334.9
Yujia Huang;WTA;435;431;1319.5;365;1344.7;504;1188.7;408;1334.8
Tiphanie Fiquet;WTA;358;432;1319.1;408;1304.4;418;1294.1;409;1334.6
Zuzanna Pawlikowska;WTA;397;433;1318.7;387;1323.9;433;1275.9;410;1334.3
Laura Hietaranta;WTA;400;434;1314.5;450;1260.2;434;1275.0;414;1332.2
Lucia Cortez Llorca;WTA;497;435;1312.6;506;1195.9;343;1345.7;416;1331.3
Vaishnavi Adkar;WTA;399;436;1310.9;416;1296.1;440;1270.5;419;1330.5
Eunhye Lee;WTA;366;437;1310.3;417;1293.9;441;1270.2;420;1330.2
Hong Yi Cody Wong;WTA;758;438;1309.9;442;1264.7;424;1285.9;421;1330.0
Ilinca Dalina Amariei;WTA;529;439;1308.4;481;1224.0;412;1296.5;422;1329.2
Carla Markus;WTA;465;440;1307.9;438;1268.9;410;1298.4;423;1328.9
Daria Lodikova;WTA;531;441;1307.8;470;1234.1;403;1301.1;424;1328.9
Rina Saigo;WTA;292;442;1307.2;418;1292.5;472;1229.7;435;1325.2
Nahia Berecoechea;WTA;440;443;1306.6;467;1241.8;417;1294.6;425;1328.3
Ekaterina Ovcharenko;WTA;500;444;1305.8;455;1256.7;405;1300.2;428;1327.9
Elena Micic;WTA;334;445;1303.5;428;1279.5;468;1236.6;430;1326.7
Alicia Herrero Linana;WTA;385;446;1303.5;456;1255.8;413;1296.1;429;1326.8
Yasmine Mansouri;WTA;372;447;1302.9;412;1298.0;514;1166.1;431;1326.5
Martina Okalova;WTA;493;448;1302.5;405;1305.4;461;1247.4;432;1326.2
Aurora Zantedeschi;WTA;364;449;1302.1;512;1181.7;404;1300.7;434;1326.0
Katy Dunne;WTA;575;450;1296.2;403;1308.4;475;1226.9;491;1281.2
Lia Karatancheva;WTA;472;451;1296.2;471;1234.0;437;1272.4;438;1323.1
Meiqi Guo;WTA;523;452;1295.7;461;1251.4;435;1274.5;440;1322.8
Elina Nepliy;WTA;512;453;1293.1;446;1263.2;391;1305.1;441;1321.6
Diana Martynov;WTA;447;454;1292.9;440;1267.3;442;1269.3;442;1321.4
Kira Pavlova;WTA;347;455;1292.7;448;1260.5;448;1261.3;444;1321.3
Carolina Alves;WTA;335;456;1292.0;426;1281.1;432;1277.0;503;1272.4
Andreea Prisacariu;WTA;429;457;1290.6;463;1248.4;446;1261.9;447;1320.3
Cristina Diaz Adrover;WTA;474;458;1290.4;487;1217.7;422;1289.0;448;1320.2
Valentini Grammatikopoulou;WTA;495;459;1288.0;449;1260.4;399;1302.3;521;1249.3
Astrid Lew Yan Foon;WTA;482;460;1285.3;435;1270.3;452;1255.5;450;1317.7
Maria Kozyreva;WTA;630;461;1285.1;414;1297.5;458;1250.4;514;1260.4
Denislava Glushkova;WTA;444;462;1284.7;313;1392.4;445;1262.2;300;1392.4
Sofia Elena Cabezas Dominguez;WTA;494;463;1283.1;409;1302.3;498;1197.0;452;1316.5
Georgia Andreea Craciun;WTA;750;464;1283.1;510;1189.5;429;1282.6;451;1316.6
Anna Sinclair Rogers;WTA;305;465;1282.6;437;1269.5;460;1249.3;427;1328.1
Riya Bhatia;WTA;785;466;1281.9;483;1221.9;456;1251.9;485;1286.8
Rasheeda Mcadoo;WTA;506;467;1281.4;447;1260.6;485;1219.8;453;1315.7
Emily Appleton;WTA;449;468;1279.9;475;1230.4;483;1220.5;474;1297.1
Martina Colmegna;WTA;370;469;1276.7;460;1253.3;443;1265.9;454;1313.3
Miriana Tona;WTA;383;470;1275.4;431;1275.5;457;1250.6;455;1312.7
Ariana Arseneault;WTA;421;471;1272.6;454;1259.4;480;1221.8;456;1311.3
Alice Robbe;WTA;823;472;1272.4;486;1217.8;362;1329.2;469;1300.5
Urszula Radwanska;WTA;667;473;1271.4;465;1246.2;370;1323.4;461;1308.0
Leonie Kung;WTA;724;474;1268.4;415;1297.5;476;1226.5;517;1256.0
Ying Zhang;WTA;573;475;1268.3;453;1259.8;491;1204.7;458;1309.2
Radka Zelnickova;WTA;484;476;1266.5;436;1270.0;512;1174.1;460;1308.2
Maria Martinez Vaquero;WTA;430;477;1266.5;443;1264.4;487;1215.1;459;1308.2
Jiaqi Wang;WTA;432;478;1261.6;464;1246.8;473;1228.3;462;1305.8
Victoria Bosio;WTA;344;479;1260.6;491;1210.9;465;1240.5;463;1305.3
Julie Pastikova;WTA;555;480;1258.5;472;1232.1;450;1257.6;464;1304.2
Lucija Ciric Bagaric;WTA;405;481;1257.1;494;1208.2;454;1252.5;493;1279.2
Weronika Falkowska;WTA;451;482;1254.8;452;1259.8;489;1213.5;467;1302.4
Peangtarn Plipuech;WTA;740;483;1254.6;458;1255.0;510;1175.7;497;1277.6
Ankita Raina;WTA;618;484;1251.9;480;1225.0;381;1312.4;513;1262.6
Alana Smith;WTA;406;485;1249.6;466;1243.7;522;1156.8;480;1292.7
Ksenia Zaytseva;WTA;584;486;1248.4;451;1260.1;484;1220.0;471;1299.2
Priska Madelyn Nugroho;WTA;446;487;1246.4;473;1231.4;395;1304.3;333;1373.2
Eri Shimizu;WTA;365;488;1245.0;479;1225.9;466;1237.5;466;1303.6
Yelyzaveta Kotliar;WTA;445;489;1243.9;469;1236.9;479;1222.0;475;1296.9
Jasmijn Gimbrere;WTA;476;490;1241.4;477;1228.1;470;1232.4;518;1252.2
Madison Sieg;WTA;434;491;1237.0;478;1227.5;490;1206.6;478;1293.5
Nina Vargova;WTA;456;492;1237.0;492;1209.5;488;1214.2;479;1293.5
Amelia Rajecki;WTA;481;493;1235.0;496;1207.2;469;1232.5;527;1235.6
Emily Seibold;WTA;513;494;1233.2;500;1202.1;478;1222.2;481;1291.6
Sara Cakarevic;WTA;598;495;1227.7;505;1197.2;464;1242.4;482;1288.8
Han Shi;WTA;318;496;1226.1;476;1228.9;493;1202.3;494;1279.0
Antonia Schmidt;WTA;532;497;1225.8;489;1213.7;519;1162.6;483;1287.9
Ayumi Koshiishi;WTA;690;498;1223.7;490;1213.3;474;1226.9;484;1286.9
Vittoria Paganetti;WTA;423;499;1222.8;493;1208.7;500;1195.5;486;1286.4
Aneta Laboutkova;WTA;615;500;1220.4;511;1184.3;521;1158.6;487;1285.2
Sarah Iliev;WTA;768;501;1218.6;485;1218.9;513;1170.2;488;1284.3
Bianca Elena Barbulescu;WTA;562;502;1216.0;482;1223.0;506;1183.1;489;1283.0
Ana Candiotto;WTA;517;503;1212.9;501;1200.6;501;1192.4;490;1281.4
Nicole Fossa Huergo;WTA;511;504;1209.6;503;1198.5;509;1176.4;492;1279.8
Katerina Tsygourova;WTA;464;505;1206.8;497;1204.6;505;1186.4;495;1278.4
Ikumi Yamazaki;WTA;455;506;1206.4;504;1197.5;463;1244.1;496;1278.2
Jana Otzipka;WTA;534;507;1203.6;468;1240.5;527;1133.9;498;1276.8
Isabella Maria Serban;WTA;507;508;1203.2;488;1215.2;511;1175.6;499;1276.6
Yaroslava Bartashevich;WTA;510;509;1203.0;521;1143.3;502;1192.0;500;1276.5
Katarina Jokic;WTA;460;510;1197.6;515;1175.5;517;1165.3;501;1273.8
Nika Radisic;WTA;688;511;1196.4;508;1192.8;495;1199.7;382;1348.2
Briana Szabo;WTA;581;512;1195.0;498;1202.8;477;1224.1;384;1347.5
Gabriella Da Silva Fick;WTA;674;513;1195.0;518;1174.0;497;1198.3;502;1272.5
Victoria Hu;WTA;419;514;1194.8;509;1191.9;518;1164.4;504;1272.4
Sofia Shapatava;WTA;466;515;1192.1;514;1179.7;503;1191.7;526;1241.5
Lian Tran;WTA;786;516;1185.7;495;1207.9;515;1165.7;506;1271.0
Marine Szostak;WTA;722;517;1184.1;520;1152.7;481;1221.8;508;1267.0
Kristina Novak;WTA;731;518;1180.9;502;1199.2;528;1125.9;509;1265.4
Valeriya Strakhova;WTA;548;519;1178.6;527;1108.3;496;1198.5;510;1264.3
Verena Meliss;WTA;467;520;1178.4;516;1175.3;526;1135.2;511;1264.2
Victoria Allen;WTA;462;521;1174.7;507;1195.2;492;1202.4;533;1182.8
Sapfo Sakellaridi;WTA;441;522;1163.5;528;1098.7;516;1165.7;516;1256.7
Chengyiyi Yuan;WTA;515;523;1152.4;530;1070.0;467;1237.1;519;1251.2
Nadiia Kolb;WTA;831;524;1150.7;524;1134.4;525;1147.6;520;1250.3
Alba Rey Garcia;WTA;628;525;1147.6;525;1132.4;524;1149.4;522;1248.8
Demi Tran;WTA;647;526;1145.5;499;1202.8;530;1105.7;523;1247.8
Ana Filipa Santos;WTA;929;527;1141.5;523;1140.0;507;1181.8;445;1320.8
Mayuka Aikawa;WTA;570;528;1139.1;526;1113.0;523;1151.7;524;1244.5
Ellie Schoppe;WTA;683;529;1138.1;522;1143.0;520;1159.8;525;1244.0
Carmen Lopez Martinez;WTA;704;530;1096.3;529;1090.4;531;1089.9;529;1223.1
Chenting Zhu;WTA;650;531;1082.0;531;1064.4;529;1125.5;530;1216.0
Amy Zhu;WTA;702;532;1051.1;532;1060.3;532;1085.5;531;1200.6
Sara Lanca;WTA;1155;533;1019.6;533;1003.5;533;1077.3;532;1184.8
